,neuron_id,mean_firing_rate,cv2_isi,cluster,waveform_width,peak_asymmetry,channel,is_single_unit,session_name,group_name,experiment_name
0,1.0,1.6979078615997676,0.467315498182718,slow_regular,16.0,0.06557377049180328,6,1,ESHOCK_03_LOC1,shock,ESHOCK
1,4.0,5.917719695712704,0.8247966666811435,slow_irregular,9.0,0.03734439834024896,17,1,ESHOCK_03_LOC1,shock,ESHOCK
2,5.0,5.005984527528272,0.3945747234090688,slow_regular,17.0,0.07053941908713693,20,1,ESHOCK_03_LOC1,shock,ESHOCK
3,6.0,2.3449380460783886,0.42882137108450546,slow_regular,21.0,0.08713692946058091,26,1,ESHOCK_03_LOC1,shock,ESHOCK
4,8.0,4.765318400616267,0.30520241192883263,slow_regular,70.0,0.3431372549019608,28,1,ESHOCK_03_LOC1,shock,ESHOCK
5,9.0,2.652945336353805,0.6086774865627632,slow_regular,36.0,0.14173228346456693,5,1,ESHOCK_04_LOC1,shock,ESHOCK
6,12.0,2.0700253147841945,0.8554942512264136,slow_irregular,35.0,0.13618677042801555,3,1,ESHOCK_04_LOC1,shock,ESHOCK
7,17.0,3.229160167939083,0.45915575652835744,slow_regular,75.0,0.3112033195020747,8,1,ESHOCK_04_LOC1,shock,ESHOCK
8,18.0,2.935690732910389,0.8078774906503422,slow_irregular,40.0,0.15503875968992248,1,1,ESHOCK_04_LOC1,shock,ESHOCK
9,22.0,4.225045261320389,0.9567270939328015,slow_irregular,41.0,0.1607843137254902,10,1,ESHOCK_04_LOC1,shock,ESHOCK
10,27.0,2.2088444521535,0.8919316703970667,slow_irregular,106.0,0.4690265486725664,4,1,ESHOCK_04_LOC1,shock,ESHOCK
11,31.0,4.889537979420805,0.5280093746544858,slow_regular,26.0,0.10655737704918032,22,1,ESHOCK_04_LOC1,shock,ESHOCK
12,32.0,3.5785659629384443,0.4271976080387948,slow_regular,26.0,0.10483870967741936,22,1,ESHOCK_04_LOC1,shock,ESHOCK
13,33.0,2.4808901746406113,0.4809707641999213,slow_regular,38.0,0.14960629921259844,14,1,ESHOCK_04_LOC1,shock,ESHOCK
14,34.0,2.518082947861694,0.6649292952293542,slow_regular,81.0,0.41968911917098445,5,1,ESHOCK_04_LOC1,shock,ESHOCK
15,35.0,1.6087792091470277,0.6570143768232636,slow_regular,59.0,0.2388663967611336,3,1,ESHOCK_04_LOC1,shock,ESHOCK
16,36.0,2.6336907551276667,0.8446828795859961,slow_irregular,52.0,0.19402985074626866,11,1,ESHOCK_04_LOC1,shock,ESHOCK
17,37.0,1.895496326549278,0.5224716373058054,slow_regular,46.0,0.17164179104477612,17,1,ESHOCK_04_LOC1,shock,ESHOCK
18,38.0,2.0994063857773058,0.44468029254637015,slow_regular,58.0,0.2230769230769231,2,1,ESHOCK_04_LOC1,shock,ESHOCK
19,39.0,2.706602240029389,0.2708395631366899,slow_regular,47.0,0.17343173431734318,8,1,ESHOCK_04_LOC1,shock,ESHOCK
20,40.0,2.884762159093417,0.5478989410437292,slow_regular,32.0,0.128,20,1,ESHOCK_04_LOC1,shock,ESHOCK
21,41.0,8.87675615123589,0.9766437361583549,fast_firing,49.0,0.18631178707224336,12,1,ESHOCK_04_LOC1,shock,ESHOCK
22,42.0,9.886475701645166,0.9760168090332823,fast_firing,35.0,0.1394422310756972,25,1,ESHOCK_04_LOC1,shock,ESHOCK
23,43.0,18.642437510954554,0.9744009644598337,fast_firing,48.0,0.1875,14,1,ESHOCK_04_LOC1,shock,ESHOCK
24,44.0,6.938818444650861,0.999387741281931,slow_irregular,55.0,0.21912350597609562,11,1,ESHOCK_04_LOC1,shock,ESHOCK
25,45.0,18.423434913950196,0.9431242265268375,fast_firing,97.0,0.4470046082949309,28,1,ESHOCK_04_LOC1,shock,ESHOCK
26,46.0,15.223072018367638,0.948378601373072,fast_firing,100.0,0.3937007874015748,4,1,ESHOCK_04_LOC1,shock,ESHOCK
27,47.0,0.8443500258143889,0.2997391956484533,slow_regular,109.0,0.48444444444444446,10,1,ESHOCK_04_LOC1,shock,ESHOCK
28,48.0,4.6359450210811834,0.38417091650189267,slow_regular,32.0,0.12403100775193798,4,1,ESHOCK_06_LOC1,sham,ESHOCK
29,49.0,9.729940841301943,0.7269233562473189,fast_firing,98.0,0.4537037037037037,8,1,ESHOCK_06_LOC1,sham,ESHOCK
30,50.0,6.501457259347822,0.526178993465634,slow_regular,40.0,0.14925373134328357,10,1,ESHOCK_06_LOC1,sham,ESHOCK
31,51.0,5.881651079526117,0.3460533173759352,slow_regular,55.0,0.21912350597609562,12,1,ESHOCK_06_LOC1,sham,ESHOCK
32,52.0,4.1428680984820705,0.2931659694572098,slow_regular,45.0,0.16605166051660517,14,1,ESHOCK_06_LOC1,sham,ESHOCK
33,54.0,2.7998875806592287,0.4481254139647288,slow_regular,42.0,0.15555555555555556,16,1,ESHOCK_06_LOC1,sham,ESHOCK
34,55.0,5.973764250609547,0.8926925747989619,slow_irregular,46.0,0.17037037037037037,14,1,ESHOCK_06_LOC1,sham,ESHOCK
35,57.0,9.441426248532418,0.36529708148772994,fast_firing,35.0,0.14893617021276595,21,1,ESHOCK_06_LOC1,sham,ESHOCK
36,58.0,5.68648800172101,0.4049661270652778,slow_regular,26.0,0.10483870967741936,26,1,ESHOCK_06_LOC1,sham,ESHOCK
37,59.0,1.9872213935101029,0.5653134531762665,slow_regular,40.0,0.14925373134328357,20,1,ESHOCK_06_LOC1,sham,ESHOCK
38,60.0,13.769791528980685,0.45664758985057957,fast_firing,26.0,0.10483870967741936,20,1,ESHOCK_06_LOC1,sham,ESHOCK
39,62.0,13.452829252133334,0.6789190094943922,fast_firing,85.0,0.4358974358974359,26,1,ESHOCK_06_LOC1,sham,ESHOCK
40,64.0,2.44769125123708,0.8029740105360712,slow_irregular,16.0,0.06557377049180328,26,1,ESHOCK_06_LOC1,sham,ESHOCK
41,69.0,4.8727715133458505,0.9426573172184264,slow_irregular,22.0,0.08870967741935484,29,1,ESHOCK_06_LOC1,sham,ESHOCK
42,70.0,6.060679895218373,0.4659648204430686,slow_regular,23.0,0.0931174089068826,32,1,ESHOCK_06_LOC1,sham,ESHOCK
43,73.0,3.4801074231407996,0.3958170165081533,slow_regular,34.0,0.12408759124087591,6,1,ESHOCK_06_LOC1,sham,ESHOCK
44,74.0,4.675256866610741,0.5357451685024264,slow_regular,60.0,0.26548672566371684,11,1,ESHOCK_06_LOC1,sham,ESHOCK
45,75.0,2.9221676076151537,0.47608945344031955,slow_regular,41.0,0.15471698113207547,24,1,ESHOCK_06_LOC1,sham,ESHOCK
46,76.0,3.009890961792118,0.9380814610799595,slow_irregular,27.0,0.1067193675889328,2,1,ESHOCK_06_LOC1,sham,ESHOCK
47,77.0,3.064819375255953,0.8314142542539963,slow_irregular,23.0,0.09236947791164658,26,1,ESHOCK_06_LOC1,sham,ESHOCK
48,78.0,8.423196240470388,0.8586579133491112,fast_firing,,,7,1,ESHOCK_07_LOC1,sham,ESHOCK
49,79.0,2.697808182346722,0.9180344139849288,slow_irregular,,,7,1,ESHOCK_07_LOC1,sham,ESHOCK
50,80.0,3.5260037133742497,0.824156595592134,slow_irregular,,,23,1,ESHOCK_07_LOC1,sham,ESHOCK
51,81.0,3.39992012979075,1.0759043158249377,slow_irregular,4.0,0.01639344262295082,16,1,ESHOCK_07_LOC1,sham,ESHOCK
52,82.0,0.521525782716639,1.213288774911315,slow_irregular,18.0,0.07377049180327869,7,1,ESHOCK_07_LOC1,sham,ESHOCK
53,83.0,6.065843587387806,0.5096961656459732,slow_regular,,,23,1,ESHOCK_07_LOC1,sham,ESHOCK
54,84.0,3.0066162604309725,0.3055560540408275,slow_regular,80.0,0.20100502512562815,23,1,ESHOCK_07_LOC1,sham,ESHOCK
55,85.0,3.032338922925,0.38310577502998844,slow_regular,110.0,0.30386740331491713,23,1,ESHOCK_07_LOC1,sham,ESHOCK
56,86.0,6.119413654759194,0.6623527182706405,slow_irregular,126.0,0.4632352941176471,23,1,ESHOCK_07_LOC1,sham,ESHOCK
57,87.0,4.970504501574361,0.803769519854934,slow_irregular,,,23,1,ESHOCK_07_LOC1,sham,ESHOCK
58,88.0,10.304744876270169,0.9670588956569015,fast_firing,53.0,0.19272727272727272,24,1,ESHOCK_07_LOC1,sham,ESHOCK
59,89.0,3.4438598728850836,0.7377949444487861,slow_irregular,130.0,0.47101449275362317,23,1,ESHOCK_07_LOC1,sham,ESHOCK
60,90.0,9.933329232277057,0.8958468044146075,fast_firing,20.0,0.08,28,1,ESHOCK_07_LOC1,sham,ESHOCK
61,91.0,9.967963952250862,0.9380214622292495,fast_firing,19.0,0.07692307692307693,29,1,ESHOCK_07_LOC1,sham,ESHOCK
62,92.0,3.040542155765417,0.8302124486398074,slow_irregular,24.0,0.096,27,1,ESHOCK_07_LOC1,sham,ESHOCK
63,93.0,5.190311885422722,1.0012856376975294,slow_irregular,56.0,0.24561403508771928,18,1,ESHOCK_07_LOC1,sham,ESHOCK
64,94.0,5.113902006807833,0.9107857997777926,slow_irregular,57.0,0.2345679012345679,28,1,ESHOCK_07_LOC1,sham,ESHOCK
65,95.0,7.635158680433833,0.8778105662403171,slow_irregular,27.0,0.10931174089068826,31,1,ESHOCK_07_LOC1,sham,ESHOCK
66,96.0,5.581598726917889,0.9219235999262715,slow_irregular,,,23,1,ESHOCK_07_LOC1,sham,ESHOCK
67,97.0,26.153609914982137,0.45904986967718964,fast_firing,15.0,0.06224066390041494,1,1,ESHOCK_08_LOC1,sham,ESHOCK
68,98.0,6.653357546765833,0.9849747982996973,slow_irregular,52.0,0.1897810218978102,11,1,ESHOCK_08_LOC1,sham,ESHOCK
69,100.0,10.725096492549945,0.5135084125442558,fast_firing,22.0,0.08943089430894309,9,1,ESHOCK_08_LOC1,sham,ESHOCK
70,101.0,11.593975198935029,0.8662706241158487,fast_firing,104.0,0.4642857142857143,9,1,ESHOCK_08_LOC1,sham,ESHOCK
71,102.0,2.0581931054802225,0.39379233374363837,slow_regular,54.0,0.19285714285714287,14,1,ESHOCK_08_LOC1,sham,ESHOCK
72,104.0,4.970408954466222,0.7597379150849521,slow_irregular,62.0,0.21379310344827587,14,1,ESHOCK_08_LOC1,sham,ESHOCK
73,105.0,7.614266191077805,0.922324784564116,slow_irregular,51.0,0.20318725099601595,16,1,ESHOCK_08_LOC1,sham,ESHOCK
74,106.0,2.871664605369361,0.3256722088849504,slow_regular,58.0,0.19463087248322147,13,1,ESHOCK_08_LOC1,sham,ESHOCK
75,107.0,2.1665861685008614,0.9317600876292351,slow_irregular,67.0,0.2757201646090535,14,1,ESHOCK_08_LOC1,sham,ESHOCK
76,108.0,27.128658933454886,0.16381709349326284,fast_firing,25.0,0.09881422924901186,21,1,ESHOCK_08_LOC1,sham,ESHOCK
77,109.0,8.096461147913695,0.514456805173885,fast_firing,63.0,0.22580645161290322,21,1,ESHOCK_08_LOC1,sham,ESHOCK
78,110.0,4.492767404816833,0.7536654384275067,slow_irregular,51.0,0.19245283018867926,24,1,ESHOCK_08_LOC1,sham,ESHOCK
79,111.0,10.810147143223917,0.3888304474070363,fast_firing,20.0,0.08130081300813008,26,1,ESHOCK_08_LOC1,sham,ESHOCK
80,112.0,16.937865775249197,0.08470397405113994,fast_firing,,,19,1,ESHOCK_08_LOC1,sham,ESHOCK
81,113.0,8.95182295626514,0.5258987515435385,fast_firing,14.0,0.05785123966942149,32,1,ESHOCK_08_LOC1,sham,ESHOCK
82,114.0,0.7802110253899722,0.3467415534379972,slow_regular,138.0,0.45695364238410596,23,1,ESHOCK_08_LOC1,sham,ESHOCK
83,115.0,15.371937524400112,0.3404118259302085,fast_firing,44.0,0.1774193548387097,23,1,ESHOCK_08_LOC1,sham,ESHOCK
84,116.0,10.687985983374917,0.4588758879864582,fast_firing,59.0,0.27699530516431925,31,1,ESHOCK_08_LOC1,sham,ESHOCK
85,117.0,0.7949644176252778,0.41855217536198996,slow_regular,81.0,0.41968911917098445,23,1,ESHOCK_08_LOC1,sham,ESHOCK
86,118.0,0.5808841701684166,0.6013763592640545,slow_regular,82.0,0.21025641025641026,23,1,ESHOCK_08_LOC1,sham,ESHOCK
87,120.0,1.1166936472845557,0.5390064176275985,slow_regular,72.0,0.23076923076923078,9,1,ESHOCK_08_LOC1,sham,ESHOCK
88,121.0,15.114165156831142,0.3674326856422015,fast_firing,74.0,0.24503311258278146,32,1,ESHOCK_08_LOC1,sham,ESHOCK
89,122.0,0.5244640554998888,0.4884088162640284,slow_regular,104.0,0.3076923076923077,23,1,ESHOCK_08_LOC1,sham,ESHOCK
90,123.0,1.2912956933161386,0.8539025160277486,slow_irregular,31.0,0.12156862745098039,32,1,ESHOCK_08_LOC1,sham,ESHOCK
91,124.0,0.8116541821869446,0.9955308743526203,slow_irregular,89.0,0.40271493212669685,23,1,ESHOCK_08_LOC1,sham,ESHOCK
92,126.0,1.1980988288586945,0.782891554224618,slow_irregular,51.0,0.1881918819188192,16,1,ESHOCK_08_LOC1,sham,ESHOCK
93,127.0,0.5833430442380555,0.9698137335113322,slow_irregular,29.0,0.11284046692607004,16,1,ESHOCK_08_LOC1,sham,ESHOCK
94,132.0,3.5323588718029146,0.25859569645908836,slow_regular,103.0,0.4204081632653061,5,1,ESHOCK_09_LOC1,sham,ESHOCK
95,133.0,3.3215052351150196,0.619331520854602,slow_regular,,,7,1,ESHOCK_09_LOC1,sham,ESHOCK
96,135.0,8.42936153486427,0.9162069495584612,fast_firing,44.0,0.16296296296296298,12,1,ESHOCK_09_LOC1,sham,ESHOCK
97,136.0,3.7229251752334256,0.2962743528859469,slow_regular,102.0,0.4811320754716981,12,1,ESHOCK_09_LOC1,sham,ESHOCK
98,137.0,1.7572992267403664,0.2589572406308642,slow_regular,51.0,0.17770034843205576,11,1,ESHOCK_09_LOC1,sham,ESHOCK
99,138.0,6.334140665321516,0.7891036532584631,slow_irregular,138.0,0.5564516129032258,25,1,ESHOCK_09_LOC1,sham,ESHOCK
100,139.0,2.782193769161799,0.3127821973285706,slow_regular,47.0,0.1649122807017544,13,1,ESHOCK_09_LOC1,sham,ESHOCK
101,140.0,3.958731516042948,0.7309521880149268,slow_irregular,79.0,0.265993265993266,7,1,ESHOCK_09_LOC1,sham,ESHOCK
102,141.0,9.312681461888674,0.8951943943533148,fast_firing,,,7,1,ESHOCK_09_LOC1,sham,ESHOCK
103,142.0,8.019293670092809,0.6550991365399003,fast_firing,98.0,0.4152542372881356,7,1,ESHOCK_09_LOC1,sham,ESHOCK
104,143.0,5.111927098826846,0.9856600333713929,slow_irregular,,,7,1,ESHOCK_09_LOC1,sham,ESHOCK
105,144.0,9.035794390845085,0.598585922307276,fast_firing,25.0,0.099601593625498,22,1,ESHOCK_09_LOC1,sham,ESHOCK
106,145.0,1.396291616264492,0.5801128169736037,slow_regular,25.0,0.10040160642570281,18,1,ESHOCK_09_LOC1,sham,ESHOCK
107,146.0,2.927650043566463,0.35297015823552225,slow_regular,131.0,0.4106583072100313,7,1,ESHOCK_09_LOC1,sham,ESHOCK
108,147.0,8.345259431129817,0.6684163527500806,fast_firing,138.0,0.5307692307692308,7,1,ESHOCK_09_LOC1,sham,ESHOCK
109,148.0,14.211542406715825,0.7185253089076576,fast_firing,,,7,1,ESHOCK_09_LOC1,sham,ESHOCK
110,149.0,4.716112400699084,0.7515156114231982,slow_irregular,,,7,1,ESHOCK_09_LOC1,sham,ESHOCK
111,150.0,4.596194657798668,0.34459558776766586,slow_regular,,,7,1,ESHOCK_09_LOC1,sham,ESHOCK
112,151.0,0.8962052652838423,0.8366404843291736,slow_irregular,21.0,0.08433734939759036,24,1,ESHOCK_09_LOC1,sham,ESHOCK
113,152.0,7.372813791497363,0.45688859124271725,slow_regular,20.0,0.08130081300813008,25,1,ESHOCK_09_LOC1,sham,ESHOCK
114,153.0,5.751303896660216,0.9583847931029019,slow_irregular,19.0,0.07755102040816327,24,1,ESHOCK_09_LOC1,sham,ESHOCK
115,154.0,12.874654820747528,0.36319434804259293,fast_firing,31.0,0.11969111969111969,28,1,ESHOCK_09_LOC1,sham,ESHOCK
116,155.0,5.952820267392087,0.4767237863640008,slow_regular,91.0,0.40444444444444444,28,1,ESHOCK_09_LOC1,sham,ESHOCK
117,156.0,5.721474800996641,0.8681895014119996,slow_irregular,90.0,0.4090909090909091,30,1,ESHOCK_09_LOC1,sham,ESHOCK
118,157.0,13.174157148965797,0.5307454934128435,fast_firing,20.0,0.08064516129032258,30,1,ESHOCK_09_LOC1,sham,ESHOCK
119,158.0,2.4982872807332868,0.6113421170256618,slow_regular,97.0,0.28955223880597014,7,1,ESHOCK_09_LOC1,sham,ESHOCK
120,159.0,15.355300802557636,0.8044358544432437,fast_firing,133.0,0.5341365461847389,7,1,ESHOCK_09_LOC1,sham,ESHOCK
121,160.0,6.536765066518129,0.6969215127225948,slow_irregular,,,7,1,ESHOCK_09_LOC1,sham,ESHOCK
122,161.0,3.3426497746859245,0.6683637661339147,slow_regular,138.0,0.9324324324324325,7,1,ESHOCK_09_LOC1,sham,ESHOCK
123,162.0,11.463837118158661,0.8413754502537666,fast_firing,129.0,0.36962750716332377,7,1,ESHOCK_09_LOC1,sham,ESHOCK
124,163.0,4.980071268576125,0.8805064903884371,slow_irregular,133.0,0.4418604651162791,7,1,ESHOCK_09_LOC1,sham,ESHOCK
125,164.0,16.26230994713881,0.9387814684469379,fast_firing,43.0,0.16475095785440613,32,1,ESHOCK_09_LOC1,sham,ESHOCK
126,165.0,1.376082084804997,0.4364414774083115,slow_regular,,,7,1,ESHOCK_09_LOC1,sham,ESHOCK
127,166.0,1.6160025469397834,0.38881412230663,slow_regular,110.0,0.3374233128834356,7,1,ESHOCK_09_LOC1,sham,ESHOCK
128,167.0,3.216409083900916,0.3735214091077905,slow_regular,129.0,0.5633187772925764,16,1,ESHOCK_09_LOC1,sham,ESHOCK
129,176.0,6.92518023667804,0.8608498447696409,slow_irregular,69.0,0.28870292887029286,14,1,ESHOCK_09_LOC1,sham,ESHOCK
130,177.0,8.859929624290116,0.5573512776515059,fast_firing,98.0,0.2934131736526946,7,1,ESHOCK_09_LOC1,sham,ESHOCK
131,178.0,1.2042688006740978,0.9589689373059757,slow_irregular,38.0,0.09895833333333333,7,1,ESHOCK_09_LOC1,sham,ESHOCK
132,179.0,1.7520803459715157,0.8635066696681218,slow_irregular,54.0,0.2872340425531915,7,1,ESHOCK_09_LOC1,sham,ESHOCK
133,180.0,0.7468506375398944,0.5247036523515372,slow_regular,39.0,0.3391304347826087,7,1,ESHOCK_09_LOC1,sham,ESHOCK
134,181.0,6.487765858171378,0.9637581783589649,slow_irregular,38.0,0.14393939393939395,8,1,ESHOCK_09_LOC1,sham,ESHOCK
135,182.0,5.113895445062438,0.704316480061041,slow_irregular,83.0,0.4486486486486487,20,1,ESHOCK_09_LOC1,sham,ESHOCK
136,183.0,6.661206735718323,0.2116607737405781,slow_regular,,,7,1,ESHOCK_09_LOC1,sham,ESHOCK
137,184.0,1.075874638097085,0.8104817823022571,slow_irregular,72.0,0.7058823529411765,7,1,ESHOCK_09_LOC1,sham,ESHOCK
138,185.0,2.3203290490613546,0.9116608324539159,slow_irregular,59.0,0.14081145584725538,7,1,ESHOCK_09_LOC1,sham,ESHOCK
139,1011.0,5.551292197605056,0.7054591565773836,slow_irregular,31.0,0.11969111969111969,16,1,hamilton_10,acute_cit,HAMILTON
140,1013.0,1.9904099471097223,0.26683365410650367,slow_regular,113.0,0.46122448979591835,21,1,hamilton_10,acute_cit,HAMILTON
141,1014.0,0.7166047422993889,0.6471719617394592,slow_regular,13.0,0.05394190871369295,31,1,hamilton_10,acute_cit,HAMILTON
142,1015.0,2.430874595044555,0.3080046812052261,slow_regular,43.0,0.16104868913857678,21,1,hamilton_10,acute_cit,HAMILTON
143,1016.0,0.5055102851208888,0.49274846083061413,slow_regular,44.0,0.16417910447761194,21,1,hamilton_10,acute_cit,HAMILTON
144,1019.0,1.7492155966200555,0.9291133550344728,slow_irregular,41.0,0.16205533596837945,14,1,hamilton_10,acute_cit,HAMILTON
145,1021.0,11.045869506649476,0.9890380014328243,fast_firing,53.0,0.19272727272727272,21,1,hamilton_03,acute_sal,HAMILTON
146,1022.0,2.240745398457127,0.58555477453458,slow_regular,19.0,0.07569721115537849,28,1,hamilton_03,acute_sal,HAMILTON
147,1024.0,8.011128961757072,0.9647775925258947,fast_firing,41.0,0.15708812260536398,29,1,hamilton_03,acute_sal,HAMILTON
148,1025.0,4.429936585677649,0.4688590756965722,slow_regular,35.0,0.13409961685823754,32,1,hamilton_03,acute_sal,HAMILTON
149,1026.0,5.542723878121853,0.7259157548935584,slow_irregular,34.0,0.13178294573643412,31,1,hamilton_03,acute_sal,HAMILTON
150,1027.0,5.861004987351138,0.797990720953657,slow_irregular,37.0,0.1417624521072797,32,1,hamilton_03,acute_sal,HAMILTON
151,1028.0,2.697136160675818,0.5849258119212767,slow_regular,38.0,0.14615384615384616,25,1,hamilton_03,acute_sal,HAMILTON
152,1029.0,10.393319356986634,0.9208962078541225,fast_firing,54.0,0.22131147540983606,30,1,hamilton_03,acute_sal,HAMILTON
153,1030.0,7.705770160152689,0.9710507580406408,fast_firing,102.0,0.51,27,1,hamilton_03,acute_sal,HAMILTON
154,1031.0,6.076937931308445,0.44538632450204696,slow_regular,31.0,0.1225296442687747,31,1,hamilton_04,acute_cit,HAMILTON
155,1032.0,5.515542676642001,0.5758259725534012,slow_regular,24.0,0.09836065573770492,32,1,hamilton_04,acute_cit,HAMILTON
156,1034.0,4.494680634779167,0.5784516040408547,slow_regular,29.0,0.11372549019607843,31,1,hamilton_04,acute_cit,HAMILTON
157,1035.0,3.7892320199013336,0.5878474088651767,slow_regular,45.0,0.16483516483516483,25,1,hamilton_04,acute_cit,HAMILTON
158,1036.0,1.860393598565,0.8295385825067301,slow_irregular,37.0,0.13454545454545455,25,1,hamilton_04,acute_cit,HAMILTON
159,1037.0,0.7122222222212778,0.9408293987433363,slow_irregular,87.0,0.42857142857142855,9,1,hamilton_04,acute_cit,HAMILTON
160,1038.0,0.640318378159389,0.7107480256971787,slow_regular,48.0,0.17777777777777778,25,1,hamilton_04,acute_cit,HAMILTON
161,1044.0,2.715717629540445,0.7683155494242487,slow_irregular,34.0,0.1328125,25,1,hamilton_04,acute_cit,HAMILTON
162,1045.0,2.966592132927,0.6208325336173639,slow_regular,46.0,0.19327731092436976,21,1,hamilton_04,acute_cit,HAMILTON
163,1046.0,6.600322765781388,0.7162211376682378,slow_irregular,34.0,0.13076923076923078,19,1,hamilton_04,acute_cit,HAMILTON
164,1047.0,1.7170344091114444,0.4935121556903232,slow_regular,58.0,0.25217391304347825,9,1,hamilton_04,acute_cit,HAMILTON
165,1048.0,0.8992746082908889,0.8958344799464187,slow_irregular,42.0,0.16535433070866143,14,1,hamilton_04,acute_cit,HAMILTON
166,1049.0,4.598109274460945,0.43036398072302073,slow_regular,26.0,0.10483870967741936,31,1,hamilton_04,acute_cit,HAMILTON
167,1050.0,6.750657361681944,0.7840808864724094,slow_irregular,43.0,0.16104868913857678,4,1,hamilton_04,acute_cit,HAMILTON
168,1052.0,4.835712685029946,0.684666219065128,slow_irregular,87.0,0.3411764705882353,28,1,hamilton_09,acute_cit,HAMILTON
169,1053.0,12.345045332761666,0.6361911824526791,fast_firing,35.0,0.13409961685823754,27,1,hamilton_09,acute_cit,HAMILTON
170,1054.0,10.171584067550445,0.983565884666955,fast_firing,55.0,0.1971326164874552,27,1,hamilton_09,acute_cit,HAMILTON
171,1055.0,7.068954254826945,0.9946064758769333,slow_irregular,58.0,0.20422535211267606,31,1,hamilton_09,acute_cit,HAMILTON
172,1057.0,8.0871899225,0.9872290580866048,fast_firing,60.0,0.2112676056338028,31,1,hamilton_09,acute_cit,HAMILTON
173,1058.0,4.863016107662444,0.6362279021926922,slow_regular,41.0,0.15355805243445692,19,1,hamilton_09,acute_cit,HAMILTON
174,1059.0,4.124842767941055,0.302823439543628,slow_regular,68.0,0.23448275862068965,26,1,hamilton_09,acute_cit,HAMILTON
175,1060.0,1.2850362534943889,0.4681434376856358,slow_regular,59.0,0.20701754385964913,23,1,hamilton_09,acute_cit,HAMILTON
176,1061.0,3.816739096629778,0.8144488589446802,slow_irregular,75.0,0.25951557093425603,24,1,hamilton_09,acute_cit,HAMILTON
177,1062.0,0.6505236388602222,0.8185168489755263,slow_irregular,31.0,0.12062256809338522,30,1,hamilton_09,acute_cit,HAMILTON
178,1068.0,11.180033777527113,0.9526396430488215,fast_firing,48.0,0.17647058823529413,31,1,hamilton_09,acute_cit,HAMILTON
179,1613.0,2.476428373021278,0.6917911885436836,slow_regular,100.0,0.4854368932038835,2,1,hamilton_31,acute_cit,HAMILTON
180,1614.0,1.3276907912257778,0.9781700124285635,slow_irregular,31.0,0.12062256809338522,1,1,hamilton_31,acute_cit,HAMILTON
181,1615.0,1.3775767257340557,0.9662675254192801,slow_irregular,37.0,0.14285714285714285,1,1,hamilton_31,acute_cit,HAMILTON
182,1619.0,1.8032327619809445,0.975692301458164,slow_irregular,32.0,0.13114754098360656,3,1,hamilton_31,acute_cit,HAMILTON
183,1620.0,3.162074600490111,0.2171432686398032,slow_regular,54.0,0.1956521739130435,4,1,hamilton_31,acute_cit,HAMILTON
184,1621.0,2.1569686738457223,0.7498648586756439,slow_irregular,39.0,0.14942528735632185,4,1,hamilton_31,acute_cit,HAMILTON
185,1622.0,1.5320547042204442,0.8679076173175962,slow_irregular,21.0,0.08502024291497975,3,1,hamilton_31,acute_cit,HAMILTON
186,1623.0,2.6105558415247776,0.8065154944578866,slow_irregular,26.0,0.104,5,1,hamilton_31,acute_cit,HAMILTON
187,1625.0,0.967220178434,0.9607706655092836,slow_irregular,23.0,0.0931174089068826,5,1,hamilton_31,acute_cit,HAMILTON
188,1626.0,2.8558062986510553,0.6766129464058623,slow_regular,21.0,0.08433734939759036,8,1,hamilton_31,acute_cit,HAMILTON
189,1632.0,0.6972092967097222,0.9866778595833813,slow_irregular,24.0,0.0967741935483871,9,1,hamilton_31,acute_cit,HAMILTON
190,1636.0,1.1006875944384444,0.9995248991487712,slow_irregular,21.0,0.08571428571428572,11,1,hamilton_31,acute_cit,HAMILTON
191,1638.0,0.6851184758289445,1.0299332518689868,slow_irregular,23.0,0.09236947791164658,13,1,hamilton_31,acute_cit,HAMILTON
192,1639.0,1.4383735165135,0.9118007479039201,slow_irregular,25.0,0.1037344398340249,14,1,hamilton_31,acute_cit,HAMILTON
193,1640.0,6.946418525545889,0.7445744316091321,slow_irregular,26.0,0.104,15,1,hamilton_31,acute_cit,HAMILTON
194,1641.0,1.3762026978682222,1.0177854768141246,slow_irregular,33.0,0.13580246913580246,14,1,hamilton_31,acute_cit,HAMILTON
195,1642.0,2.846219652621222,0.8110575390162551,slow_irregular,23.0,0.09236947791164658,15,1,hamilton_31,acute_cit,HAMILTON
196,1644.0,1.8733839239395558,1.017433972249475,slow_irregular,38.0,0.1532258064516129,16,1,hamilton_31,acute_cit,HAMILTON
197,1645.0,3.155516779989167,0.9627419519971614,slow_irregular,43.0,0.17408906882591094,16,1,hamilton_31,acute_cit,HAMILTON
198,1647.0,3.099806259003444,0.5373561741410685,slow_regular,42.0,0.15555555555555556,18,1,hamilton_31,acute_cit,HAMILTON
199,1648.0,2.945504565118222,0.699993364567538,slow_regular,28.0,0.11023622047244094,19,1,hamilton_31,acute_cit,HAMILTON
200,1649.0,3.045986879029,0.636931985658962,slow_regular,29.0,0.11934156378600823,18,1,hamilton_31,acute_cit,HAMILTON
201,1650.0,1.2127739385554444,0.8853458424524405,slow_irregular,28.0,0.11023622047244094,19,1,hamilton_31,acute_cit,HAMILTON
202,1651.0,3.993828194256556,0.6083025307810799,slow_regular,31.0,0.12449799196787148,23,1,hamilton_31,acute_cit,HAMILTON
203,1657.0,3.499633996348611,0.6025920133658915,slow_regular,23.0,0.09387755102040816,24,1,hamilton_31,acute_cit,HAMILTON
204,1658.0,4.408961270517945,0.47094551403102825,slow_regular,28.0,0.11023622047244094,24,1,hamilton_31,acute_cit,HAMILTON
205,1659.0,1.2944665541682778,0.9606521353620523,slow_irregular,27.0,0.10931174089068826,24,1,hamilton_31,acute_cit,HAMILTON
206,1660.0,7.457680524432833,0.36678003101708645,slow_regular,27.0,0.1067193675889328,25,1,hamilton_31,acute_cit,HAMILTON
207,1661.0,5.158803732525722,0.5688722928892654,slow_regular,31.0,0.12062256809338522,25,1,hamilton_31,acute_cit,HAMILTON
208,1663.0,1.1931890296396668,0.7140482127747918,slow_regular,34.0,0.14166666666666666,28,1,hamilton_31,acute_cit,HAMILTON
209,1664.0,2.157798654128389,0.4652696045558816,slow_regular,22.0,0.08943089430894309,27,1,hamilton_31,acute_cit,HAMILTON
210,1666.0,3.6517364902400002,0.41709395988760545,slow_regular,27.0,0.11020408163265306,29,1,hamilton_31,acute_cit,HAMILTON
211,1667.0,1.2173247073865,0.9547088453213485,slow_irregular,24.0,0.0975609756097561,29,1,hamilton_31,acute_cit,HAMILTON
212,1668.0,5.811578695882999,0.48392890068448247,slow_regular,21.0,0.08571428571428572,31,1,hamilton_31,acute_cit,HAMILTON
213,1669.0,1.7197521131194444,0.76081951800645,slow_irregular,25.0,0.099601593625498,27,1,hamilton_31,acute_cit,HAMILTON
214,1670.0,1.5561443704745,1.2335113588820197,slow_irregular,22.0,0.08943089430894309,29,1,hamilton_31,acute_cit,HAMILTON
215,1671.0,1.6134319023342778,0.9795918075113249,slow_irregular,34.0,0.14285714285714285,32,1,hamilton_31,acute_cit,HAMILTON
216,1675.0,2.2325342104333887,0.8849315719324403,slow_irregular,23.0,0.0931174089068826,32,1,hamilton_31,acute_cit,HAMILTON
217,1676.0,0.5735507328089444,1.1613710572420368,slow_irregular,27.0,0.11020408163265306,32,1,hamilton_31,acute_cit,HAMILTON
218,1678.0,1.2650231025421668,0.9398485551008431,slow_irregular,24.0,0.0967741935483871,11,1,hamilton_31,acute_cit,HAMILTON
219,1679.0,2.995456742700111,0.8613030304726998,slow_irregular,25.0,0.10040160642570281,15,1,hamilton_31,acute_cit,HAMILTON
220,1680.0,4.368059314836722,0.5086466423409518,slow_regular,22.0,0.08943089430894309,26,1,hamilton_31,acute_cit,HAMILTON
221,1681.0,3.0775608959227783,0.6774656435853166,slow_regular,29.0,0.11553784860557768,3,1,hamilton_31,acute_cit,HAMILTON
222,1682.0,3.946493565472667,0.575594252136529,slow_regular,32.0,0.12903225806451613,32,1,hamilton_31,acute_cit,HAMILTON
223,1683.0,1.4625737542741666,0.9476656979832139,slow_irregular,34.0,0.13076923076923078,1,1,hamilton_31,acute_cit,HAMILTON
224,1684.0,1.3195525528079441,0.7840247533114388,slow_irregular,24.0,0.0967741935483871,16,1,hamilton_31,acute_cit,HAMILTON
225,1685.0,0.8253397932145001,0.8926232266412983,slow_irregular,41.0,0.1607843137254902,26,1,hamilton_31,acute_cit,HAMILTON
226,1686.0,2.8387428195661113,0.71733502531621,slow_regular,29.0,0.11372549019607843,5,1,hamilton_31,acute_cit,HAMILTON
227,1687.0,3.3189009822155553,0.7027767579909902,slow_regular,23.0,0.09236947791164658,3,1,hamilton_31,acute_cit,HAMILTON
228,1690.0,14.670486739489112,0.8274887311760065,fast_firing,27.0,0.11297071129707113,2,1,hamilton_38,acute_cit,HAMILTON
229,1691.0,6.6331009664267775,0.650227178644311,fast_firing,17.0,0.06995884773662552,2,1,hamilton_38,acute_cit,HAMILTON
230,1693.0,8.674056563949778,0.5828315423213777,fast_firing,16.0,0.06611570247933884,4,1,hamilton_38,acute_cit,HAMILTON
231,1695.0,2.5654845888017777,1.0109824318357254,slow_irregular,27.0,0.1111111111111111,6,1,hamilton_38,acute_cit,HAMILTON
232,1697.0,6.6002328287297765,0.8313363117526525,slow_irregular,23.0,0.09387755102040816,6,1,hamilton_38,acute_cit,HAMILTON
233,1698.0,3.8704305834680555,0.9124693205683324,slow_irregular,32.0,0.128,10,1,hamilton_38,acute_cit,HAMILTON
234,1706.0,6.987633073613001,0.9051323693119007,slow_irregular,23.0,0.09236947791164658,16,1,hamilton_38,acute_cit,HAMILTON
235,1709.0,1.6815391605438335,0.9576836001791244,slow_irregular,32.0,0.125,17,1,hamilton_38,acute_cit,HAMILTON
236,1712.0,4.990251757841001,0.9169951007755881,slow_irregular,27.0,0.10931174089068826,20,1,hamilton_38,acute_cit,HAMILTON
237,1713.0,1.5635355487630003,0.953266939472212,slow_irregular,52.0,0.1897810218978102,21,1,hamilton_38,acute_cit,HAMILTON
238,1720.0,1.8809661795442778,1.0229883068425876,slow_irregular,29.0,0.11372549019607843,22,1,hamilton_38,acute_cit,HAMILTON
239,1721.0,5.075484010395889,0.7995906806353347,slow_irregular,29.0,0.11553784860557768,23,1,hamilton_38,acute_cit,HAMILTON
240,1725.0,5.145373038074056,0.9711931478314524,slow_irregular,27.0,0.1067193675889328,24,1,hamilton_38,acute_cit,HAMILTON
241,1726.0,5.819567269674279,0.9734974395503753,slow_irregular,25.0,0.099601593625498,26,1,hamilton_38,acute_cit,HAMILTON
242,1727.0,7.280924201881833,0.9173037873350782,slow_irregular,27.0,0.1067193675889328,27,1,hamilton_38,acute_cit,HAMILTON
243,1728.0,0.6852983546635,1.0348844701089415,slow_irregular,29.0,0.11196911196911197,29,1,hamilton_38,acute_cit,HAMILTON
244,1733.0,1.8672189019107779,1.0422521965069338,slow_irregular,27.0,0.1067193675889328,29,1,hamilton_38,acute_cit,HAMILTON
245,1737.0,3.9521544751395,0.9263020498495511,slow_irregular,31.0,0.1225296442687747,30,1,hamilton_38,acute_cit,HAMILTON
246,1739.0,3.0177022032754444,0.42356482158895237,slow_regular,56.0,0.1891891891891892,31,1,hamilton_38,acute_cit,HAMILTON
247,1741.0,5.103381091616167,0.9619948801237298,slow_irregular,21.0,0.08502024291497975,31,1,hamilton_38,acute_cit,HAMILTON
248,1743.0,9.371978422194832,0.9385211865021879,fast_firing,43.0,0.17408906882591094,32,1,hamilton_38,acute_cit,HAMILTON
249,1748.0,1.240843175335,0.9935219193805783,slow_irregular,41.0,0.17012448132780084,27,1,hamilton_38,acute_cit,HAMILTON
250,1749.0,3.055718091322667,1.0053054275773468,slow_irregular,99.0,0.45622119815668205,32,1,hamilton_38,acute_cit,HAMILTON
251,1752.0,4.5566913319560545,0.8240933559219082,slow_irregular,19.0,0.07755102040816327,32,1,hamilton_38,acute_cit,HAMILTON
252,1754.0,2.4930226319354447,0.9754563088374969,slow_irregular,43.0,0.15867158671586715,12,1,hamilton_38,acute_cit,HAMILTON
253,1755.0,1.3860679842960555,0.5007880100473315,slow_regular,82.0,0.38317757009345793,21,1,hamilton_38,acute_cit,HAMILTON
254,1760.0,3.3769762243171666,0.425528159298338,slow_regular,51.0,0.17647058823529413,3,1,hamilton_37,acute_sal,HAMILTON
255,1767.0,6.518930967740889,0.8275351233563836,slow_irregular,45.0,0.16605166051660517,6,1,hamilton_37,acute_sal,HAMILTON
256,1769.0,4.689080658002389,0.7916585312473455,slow_irregular,50.0,0.18518518518518517,9,1,hamilton_37,acute_sal,HAMILTON
257,1774.0,4.767617891334444,0.4551448771320908,slow_regular,46.0,0.16911764705882354,9,1,hamilton_37,acute_sal,HAMILTON
258,1775.0,2.1630616971485,0.8938052342578036,slow_irregular,61.0,0.22846441947565543,13,1,hamilton_37,acute_sal,HAMILTON
259,1792.0,3.653879639489444,0.5465010953110837,slow_regular,29.0,0.11740890688259109,20,1,hamilton_37,acute_sal,HAMILTON
260,1795.0,4.9527968424761655,0.7179539996343068,slow_irregular,22.0,0.08870967741935484,21,1,hamilton_37,acute_sal,HAMILTON
261,1800.0,3.6044928978511113,0.5848629034437414,slow_regular,22.0,0.08943089430894309,26,1,hamilton_37,acute_sal,HAMILTON
262,1810.0,0.7834176795888333,1.045937324523763,slow_irregular,44.0,0.16666666666666666,3,1,hamilton_37,acute_sal,HAMILTON
263,1811.0,5.341826415578,0.49068271525536844,slow_regular,41.0,0.15471698113207547,16,1,hamilton_37,acute_sal,HAMILTON
264,1812.0,4.337001746252722,0.45858289431677,slow_regular,48.0,0.17647058823529413,10,1,hamilton_37,acute_sal,HAMILTON
265,1813.0,3.4346415757681106,0.30182487824448584,slow_regular,53.0,0.20306513409961685,8,1,hamilton_37,acute_sal,HAMILTON
266,1814.0,3.805147353852222,0.3709841465933072,slow_regular,52.0,0.1897810218978102,6,1,hamilton_37,acute_sal,HAMILTON
267,1815.0,2.327155657925111,0.41168203702058337,slow_regular,43.0,0.1575091575091575,30,1,hamilton_37,acute_sal,HAMILTON
268,1816.0,2.6365474781617224,0.6199068118811294,slow_regular,48.0,0.17777777777777778,28,1,hamilton_37,acute_sal,HAMILTON
269,1817.0,2.4914178585049447,0.5093910662641151,slow_regular,58.0,0.20567375886524822,10,1,hamilton_37,acute_sal,HAMILTON
270,1819.0,2.9340562800177223,0.8878649359516719,slow_irregular,28.0,0.112,20,1,hamilton_37,acute_sal,HAMILTON
271,1820.0,2.451823863991,0.4117989861508804,slow_regular,37.0,0.14624505928853754,4,1,hamilton_37,acute_sal,HAMILTON
272,1821.0,3.0988805975918887,0.7738150181185517,slow_irregular,24.0,0.0967741935483871,17,1,hamilton_37,acute_sal,HAMILTON
273,1822.0,2.624516881704,0.6109020926488818,slow_regular,43.0,0.15867158671586715,10,1,hamilton_37,acute_sal,HAMILTON
274,1823.0,2.176109012465278,0.46084986056409677,slow_regular,127.0,0.5545851528384279,14,1,hamilton_37,acute_sal,HAMILTON
275,1824.0,1.988077550484722,0.49830384364140057,slow_regular,126.0,0.5431034482758621,10,1,hamilton_37,acute_sal,HAMILTON
276,1825.0,2.9151769226063333,0.5236311380248657,slow_regular,58.0,0.2116788321167883,12,1,hamilton_37,acute_sal,HAMILTON
277,1826.0,0.5156352012193889,0.6091221764471296,slow_regular,58.0,0.20422535211267606,31,1,hamilton_37,acute_sal,HAMILTON
278,1832.0,1.7425791526023335,0.4577702979212315,slow_regular,59.0,0.20557491289198607,32,1,hamilton_37,acute_sal,HAMILTON
279,1833.0,0.8232628412442222,0.8324693239766795,slow_irregular,16.0,0.06611570247933884,20,1,hamilton_37,acute_sal,HAMILTON
280,1834.0,0.6444012298371111,1.0124174448363708,slow_irregular,39.0,0.13978494623655913,16,1,hamilton_37,acute_sal,HAMILTON
281,1835.0,8.441023115350333,0.4441226351125572,fast_firing,22.0,0.09016393442622951,24,1,hamilton_37,acute_sal,HAMILTON
282,1837.0,0.8098402425424445,1.0428515021779128,slow_irregular,56.0,0.19047619047619047,3,1,hamilton_37,acute_sal,HAMILTON
283,1839.0,12.244963358486538,0.5633202244459845,fast_firing,27.0,0.1067193675889328,3,1,hamilton_35,acute_sal,HAMILTON
284,1841.0,4.126676381151282,0.4537829546494927,slow_regular,71.0,0.27413127413127414,2,1,hamilton_35,acute_sal,HAMILTON
285,1843.0,8.265429296626282,0.3681917623081506,fast_firing,45.0,0.16853932584269662,4,1,hamilton_35,acute_sal,HAMILTON
286,1844.0,2.3755027252817946,0.5194100992448372,slow_regular,16.0,0.06557377049180328,5,1,hamilton_35,acute_sal,HAMILTON
287,1846.0,5.365409333383718,0.32700280233242085,slow_regular,67.0,0.23183391003460208,6,1,hamilton_35,acute_sal,HAMILTON
288,1847.0,7.923594275049872,0.48509886374143124,fast_firing,30.0,0.11811023622047244,6,1,hamilton_35,acute_sal,HAMILTON
289,1850.0,2.546932498400513,0.4749487056080986,slow_regular,47.0,0.17472118959107807,8,1,hamilton_35,acute_sal,HAMILTON
290,1854.0,2.980922907665448,0.31250384992287183,slow_regular,55.0,0.19572953736654805,9,1,hamilton_35,acute_sal,HAMILTON
291,1856.0,2.286803158330064,0.4980687374702131,slow_regular,59.0,0.21454545454545454,10,1,hamilton_35,acute_sal,HAMILTON
292,1858.0,8.541297095173782,0.24798043913215892,fast_firing,51.0,0.17525773195876287,12,1,hamilton_35,acute_sal,HAMILTON
293,1860.0,2.0984157019233973,0.3834846806059175,slow_regular,49.0,0.1781818181818182,12,1,hamilton_35,acute_sal,HAMILTON
294,1861.0,3.2542845035994876,0.7043121447540173,slow_regular,13.0,0.05394190871369295,12,1,hamilton_35,acute_sal,HAMILTON
295,1864.0,3.069496929694552,0.5197426910446284,slow_regular,14.0,0.05785123966942149,14,1,hamilton_35,acute_sal,HAMILTON
296,1865.0,1.447807577922949,0.529209295522149,slow_regular,56.0,0.2014388489208633,14,1,hamilton_35,acute_sal,HAMILTON
297,1866.0,1.594589229805705,0.49739415816147753,slow_regular,18.0,0.07317073170731707,12,1,hamilton_35,acute_sal,HAMILTON
298,1867.0,3.7273324301655766,0.19860050848928154,slow_regular,55.0,0.19855595667870035,14,1,hamilton_35,acute_sal,HAMILTON
299,1868.0,1.2665313210832692,0.7754880356655562,slow_irregular,38.0,0.14960629921259844,13,1,hamilton_35,acute_sal,HAMILTON
300,1869.0,3.0019054721760896,0.3148473327630465,slow_regular,54.0,0.19148936170212766,15,1,hamilton_35,acute_sal,HAMILTON
301,1871.0,8.093400149482628,0.8825625471070905,fast_firing,36.0,0.13953488372093023,14,1,hamilton_35,acute_sal,HAMILTON
302,1872.0,3.7514814063355133,0.28844297091749094,slow_regular,125.0,0.5458515283842795,14,1,hamilton_35,acute_sal,HAMILTON
303,1873.0,1.3697986459219869,0.7849749640478615,slow_irregular,23.0,0.0954356846473029,16,1,hamilton_35,acute_sal,HAMILTON
304,1875.0,5.589363900849745,0.9756808880036081,slow_irregular,35.0,0.13513513513513514,16,1,hamilton_35,acute_sal,HAMILTON
305,1878.0,13.307956959356153,0.980861520459128,fast_firing,30.0,0.11627906976744186,16,1,hamilton_35,acute_sal,HAMILTON
306,1879.0,1.1427901572179486,0.941608293781684,slow_irregular,20.0,0.08130081300813008,17,1,hamilton_35,acute_sal,HAMILTON
307,1881.0,4.974580290924487,0.329684950874646,slow_regular,21.0,0.08433734939759036,18,1,hamilton_35,acute_sal,HAMILTON
308,1882.0,2.5997237955589103,0.6280098900120671,slow_regular,18.0,0.07258064516129033,16,1,hamilton_35,acute_sal,HAMILTON
309,1883.0,9.443108965275194,0.4246861446257471,fast_firing,32.0,0.11851851851851852,21,1,hamilton_35,acute_sal,HAMILTON
310,1884.0,2.2668687588579486,0.5972365673169497,slow_regular,9.0,0.03734439834024896,20,1,hamilton_35,acute_sal,HAMILTON
311,1885.0,7.246326740876602,0.5610601101809893,fast_firing,25.0,0.10204081632653061,21,1,hamilton_35,acute_sal,HAMILTON
312,1887.0,0.9784488746825641,0.9301902701680786,slow_irregular,17.0,0.06938775510204082,22,1,hamilton_35,acute_sal,HAMILTON
313,1890.0,10.407982863583653,0.4246617514855426,fast_firing,26.0,0.10236220472440945,26,1,hamilton_35,acute_sal,HAMILTON
314,1893.0,1.9245249470042947,0.4231620860163183,slow_regular,11.0,0.04564315352697095,28,1,hamilton_35,acute_sal,HAMILTON
315,1894.0,1.8582125619547434,0.6235600531190633,slow_regular,14.0,0.05785123966942149,29,1,hamilton_35,acute_sal,HAMILTON
316,1895.0,3.1424995208826285,0.9172630460667024,slow_irregular,9.0,0.03734439834024896,29,1,hamilton_35,acute_sal,HAMILTON
317,1896.0,7.294059899426217,0.43357234355222585,slow_regular,15.0,0.06172839506172839,32,1,hamilton_35,acute_sal,HAMILTON
318,1897.0,18.307500459755385,0.5218331147887919,fast_firing,14.0,0.05785123966942149,31,1,hamilton_35,acute_sal,HAMILTON
319,1899.0,0.8159427198482051,0.9632239988695377,slow_irregular,15.0,0.06172839506172839,32,1,hamilton_35,acute_sal,HAMILTON
320,1902.0,2.3290434211251925,0.575653048711098,slow_regular,44.0,0.16296296296296298,8,1,hamilton_35,acute_sal,HAMILTON
321,1903.0,3.2188202421014744,0.4320596119842955,slow_regular,49.0,0.1781818181818182,9,1,hamilton_35,acute_sal,HAMILTON
322,1904.0,4.114456294563911,0.6152467623673057,slow_regular,15.0,0.061224489795918366,10,1,hamilton_35,acute_sal,HAMILTON
323,1906.0,2.696691663426987,0.36637488475278895,slow_regular,55.0,0.19298245614035087,9,1,hamilton_35,acute_sal,HAMILTON
324,1908.0,24.9814760020075,0.3554625737270654,fast_firing,19.0,0.07755102040816327,6,1,hamilton_35,acute_sal,HAMILTON
325,1909.0,7.42432692596282,0.7114120557444942,slow_irregular,12.0,0.049586776859504134,9,1,hamilton_35,acute_sal,HAMILTON
326,1910.0,1.2750613802917308,0.4596414088654218,slow_regular,62.0,0.2152777777777778,16,1,hamilton_35,acute_sal,HAMILTON
327,1911.0,1.939317379480133,0.9599061065869384,slow_irregular,63.0,0.23247232472324722,4,1,hamilton_36,acute_cit,HAMILTON
328,1914.0,7.46516472235333,0.6679926066266691,fast_firing,44.0,0.16541353383458646,5,1,hamilton_36,acute_cit,HAMILTON
329,1917.0,3.276973381107436,0.6184493784670105,slow_regular,59.0,0.21454545454545454,8,1,hamilton_36,acute_cit,HAMILTON
330,1919.0,7.857687144155494,0.9774468151735282,fast_firing,61.0,0.21554770318021202,9,1,hamilton_36,acute_cit,HAMILTON
331,1921.0,0.7674664768864041,0.7078444309820426,slow_regular,71.0,0.24398625429553264,10,1,hamilton_36,acute_cit,HAMILTON
332,1924.0,6.895678881131687,0.8850843864065899,slow_irregular,50.0,0.18518518518518517,13,1,hamilton_36,acute_cit,HAMILTON
333,1928.0,3.2574957973074916,0.351823885822319,slow_regular,53.0,0.19557195571955718,12,1,hamilton_36,acute_cit,HAMILTON
334,1929.0,6.7829738950909535,0.3134472457426438,slow_regular,45.0,0.16853932584269662,14,1,hamilton_36,acute_cit,HAMILTON
335,1930.0,3.184081471221698,0.5019954741565498,slow_regular,45.0,0.16853932584269662,14,1,hamilton_36,acute_cit,HAMILTON
336,1931.0,3.6967303526163704,0.7195500719584723,slow_irregular,88.0,0.3548387096774194,12,1,hamilton_36,acute_cit,HAMILTON
337,1934.0,3.929094298256382,0.8201869537352607,slow_irregular,47.0,0.17343173431734318,16,1,hamilton_36,acute_cit,HAMILTON
338,1938.0,1.8037230844962264,0.604780323968203,slow_regular,47.0,0.1649122807017544,26,1,hamilton_36,acute_cit,HAMILTON
339,1940.0,12.338031988992785,0.2522073954381171,fast_firing,21.0,0.08433734939759036,25,1,hamilton_36,acute_cit,HAMILTON
340,1942.0,0.7215642336531632,0.8155522513171793,slow_irregular,24.0,0.09230769230769231,26,1,hamilton_36,acute_cit,HAMILTON
341,1945.0,1.6283409918931742,0.8828261671691517,slow_irregular,48.0,0.17647058823529413,25,1,hamilton_36,acute_cit,HAMILTON
342,1946.0,8.580278193953607,0.8814539735543753,fast_firing,26.0,0.10483870967741936,22,1,hamilton_36,acute_cit,HAMILTON
343,1947.0,0.6085805249162043,0.6269046216305872,slow_regular,32.0,0.12598425196850394,27,1,hamilton_36,acute_cit,HAMILTON
344,1949.0,5.347501119187014,1.0031267734923939,slow_irregular,35.0,0.14644351464435146,29,1,hamilton_36,acute_cit,HAMILTON
345,1950.0,7.750765363726971,0.9174052639296374,slow_irregular,34.0,0.14655172413793102,32,1,hamilton_36,acute_cit,HAMILTON
346,1951.0,5.933112646362487,1.1018086384415426,fast_firing,20.0,0.08196721311475409,32,1,hamilton_36,acute_cit,HAMILTON
347,1952.0,6.890853849104328,0.9659561187813036,slow_irregular,24.0,0.096,31,1,hamilton_36,acute_cit,HAMILTON
348,1956.0,5.947316595496448,0.8956656653184766,slow_irregular,22.0,0.09090909090909091,32,1,hamilton_36,acute_cit,HAMILTON
349,1959.0,15.460120740458436,0.9043065838058771,fast_firing,21.0,0.08571428571428572,17,1,hamilton_36,acute_cit,HAMILTON
350,1960.0,6.857894395646671,0.8073681423027291,slow_irregular,59.0,0.20848056537102475,16,1,hamilton_36,acute_cit,HAMILTON
351,1961.0,2.962952179674654,0.7283912657128218,slow_irregular,25.0,0.09881422924901186,2,1,hamilton_32,acute_sal,HAMILTON
352,1962.0,7.747419823924404,0.9495150652986176,fast_firing,57.0,0.2626728110599078,6,1,hamilton_32,acute_sal,HAMILTON
353,1966.0,5.45305318843594,0.4624751785727215,slow_regular,31.0,0.12350597609561753,16,1,hamilton_32,acute_sal,HAMILTON
354,1968.0,5.15181999086589,0.5952749416593329,slow_regular,33.0,0.12941176470588237,17,1,hamilton_32,acute_sal,HAMILTON
355,1969.0,1.4969972909981144,0.7009468060229324,slow_regular,32.0,0.125,17,1,hamilton_32,acute_sal,HAMILTON
356,1970.0,2.4196839018653358,0.9464895174473874,slow_irregular,35.0,0.13618677042801555,17,1,hamilton_32,acute_sal,HAMILTON
357,1973.0,0.9027653305231281,1.0062111531450635,slow_irregular,48.0,0.183206106870229,18,1,hamilton_32,acute_sal,HAMILTON
358,1974.0,6.670829292289517,0.6689028804724375,slow_irregular,80.0,0.38461538461538464,23,1,hamilton_32,acute_sal,HAMILTON
359,1978.0,2.4566669514473656,0.30217968181375443,slow_regular,51.0,0.18149466192170818,24,1,hamilton_32,acute_sal,HAMILTON
360,1980.0,1.9214863762236825,0.5434956198545918,slow_regular,86.0,0.30935251798561153,25,1,hamilton_32,acute_sal,HAMILTON
361,1982.0,6.977981432448585,0.13893525854826555,slow_regular,31.0,0.12062256809338522,26,1,hamilton_32,acute_sal,HAMILTON
362,1983.0,6.267424579579257,0.53416593980653,slow_regular,14.0,0.05785123966942149,27,1,hamilton_32,acute_sal,HAMILTON
363,1984.0,2.688743426041764,0.30321619595525723,slow_regular,58.0,0.20567375886524822,27,1,hamilton_32,acute_sal,HAMILTON
364,1985.0,1.576038545457737,0.7732770978845135,slow_irregular,62.0,0.2152777777777778,30,1,hamilton_32,acute_sal,HAMILTON
365,1987.0,1.6790109625130896,0.5770242110151098,slow_regular,30.0,0.11363636363636363,31,1,hamilton_32,acute_sal,HAMILTON
366,1989.0,0.5857558162975597,1.025416151809619,slow_irregular,49.0,0.18773946360153257,28,1,hamilton_32,acute_sal,HAMILTON
367,1991.0,0.5644631985638935,0.9980546383853881,slow_irregular,34.0,0.12686567164179105,28,1,hamilton_32,acute_sal,HAMILTON
368,1992.0,1.9584552658990573,0.4598425131682022,slow_regular,61.0,0.20819112627986347,30,1,hamilton_32,acute_sal,HAMILTON
369,1995.0,4.3904995742382145,0.7010291739560123,slow_irregular,46.0,0.1619718309859155,31,1,hamilton_32,acute_sal,HAMILTON
370,1997.0,4.5354709657132,0.8735006102997172,slow_irregular,88.0,0.34375,24,1,hamilton_32,acute_sal,HAMILTON
371,1998.0,7.9636238606074885,0.8675149522510995,slow_irregular,37.0,0.13857677902621723,18,1,hamilton_32,acute_sal,HAMILTON
372,1999.0,2.0646933759995565,0.5910133531878452,slow_regular,53.0,0.19133574007220217,29,1,hamilton_32,acute_sal,HAMILTON
373,2001.0,1.2199808396431504,0.7403259443046535,slow_irregular,38.0,0.14393939393939395,17,1,hamilton_32,acute_sal,HAMILTON
374,2002.0,31.268335761098395,0.5949856458011671,fast_firing,80.0,0.3389830508474576,32,1,hamilton_32,acute_sal,HAMILTON
375,2003.0,1.3216969012306157,0.466032188278115,slow_regular,34.0,0.13076923076923078,17,1,hamilton_32,acute_sal,HAMILTON
376,63.0,0.11051564734601722,0.9383774084028722,no_baseline,80.0,0.39603960396039606,25,1,ESHOCK_06_LOC1,sham,ESHOCK
377,71.0,0.2568666255672495,0.8311429178894333,no_baseline,22.0,0.08461538461538462,31,1,ESHOCK_06_LOC1,sham,ESHOCK
378,99.0,0.2676163937171389,1.0877946007400887,no_baseline,116.0,0.464,7,1,ESHOCK_08_LOC1,sham,ESHOCK
379,103.0,0.14509467616636113,0.27824019796786525,no_baseline,55.0,0.19572953736654805,10,1,ESHOCK_08_LOC1,sham,ESHOCK
380,125.0,0.49823860618902777,0.5943452152387264,no_baseline,47.0,0.17472118959107807,16,1,ESHOCK_08_LOC1,sham,ESHOCK
381,128.0,0.17933384677444444,0.9300166715217627,no_baseline,67.0,0.9436619718309859,23,1,ESHOCK_08_LOC1,sham,ESHOCK
382,129.0,0.4089225818193611,0.8549186612381421,no_baseline,59.0,0.271889400921659,5,1,ESHOCK_08_LOC1,sham,ESHOCK
383,130.0,0.4502938683453611,0.8294833661095055,no_baseline,16.0,0.06611570247933884,32,1,ESHOCK_08_LOC1,sham,ESHOCK
384,131.0,0.013820063433111112,0.8040813538156143,no_baseline,42.0,0.15555555555555556,15,1,ESHOCK_08_LOC1,sham,ESHOCK
385,1018.0,0.3752112705913889,0.42422810230806896,no_baseline,43.0,0.16104868913857678,21,1,hamilton_10,acute_cit,HAMILTON
386,1020.0,0.22233648827166666,1.096451849512566,no_baseline,23.0,0.09163346613545817,32,1,hamilton_10,acute_cit,HAMILTON
387,1040.0,0.2573360243086667,0.8042441120252316,no_baseline,28.0,0.11023622047244094,31,1,hamilton_04,acute_cit,HAMILTON
388,1041.0,0.23424435606233332,0.7823201311987283,no_baseline,27.0,0.1067193675889328,31,1,hamilton_04,acute_cit,HAMILTON
389,1051.0,0.01833333333372222,1.4428327503972531,no_baseline,93.0,0.3217993079584775,7,1,hamilton_09,acute_cit,HAMILTON
390,1056.0,0.27833333333366667,0.9687385677785737,no_baseline,41.0,0.155893536121673,32,1,hamilton_09,acute_cit,HAMILTON
391,1064.0,0.016250369451944448,1.3813583414816903,no_baseline,59.0,0.20701754385964913,30,1,hamilton_09,acute_cit,HAMILTON
392,1065.0,0.16944444444433335,0.43937323730348066,no_baseline,75.0,0.18610421836228289,23,1,hamilton_09,acute_cit,HAMILTON
393,1616.0,0.1740947835023889,1.0331539765007656,no_baseline,34.0,0.12878787878787878,1,1,hamilton_31,acute_cit,HAMILTON
394,1617.0,0.10778218890577777,1.024794611865092,no_baseline,38.0,0.14285714285714285,1,1,hamilton_31,acute_cit,HAMILTON
395,1655.0,0.44177914900161114,1.0069127649903113,no_baseline,59.0,0.2532188841201717,23,1,hamilton_31,acute_cit,HAMILTON
396,1700.0,0.06930808065038888,0.9512307669202889,no_baseline,74.0,0.24666666666666667,10,1,hamilton_38,acute_cit,HAMILTON
397,1708.0,0.02739557802716666,0.9198791755944399,no_baseline,49.0,0.1821561338289963,17,1,hamilton_38,acute_cit,HAMILTON
398,1715.0,0.004113000352777778,0.8850743178272314,no_baseline,77.0,0.19201995012468828,24,1,hamilton_38,acute_cit,HAMILTON
399,1732.0,0.10456141442988888,1.0650159930916145,no_baseline,55.0,0.1864406779661017,29,1,hamilton_38,acute_cit,HAMILTON
400,1735.0,0.006300595075611112,1.3613250282947942,no_baseline,22.0,0.09166666666666666,30,1,hamilton_38,acute_cit,HAMILTON
401,1736.0,0.02669799565088889,1.146323084781336,no_baseline,48.0,0.18461538461538463,30,1,hamilton_38,acute_cit,HAMILTON
402,1751.0,0.08007506511477777,0.9619448845325473,no_baseline,31.0,0.12062256809338522,25,1,hamilton_38,acute_cit,HAMILTON
403,1772.0,0.0999173212336111,0.9356250726210187,no_baseline,63.0,0.21951219512195122,12,1,hamilton_37,acute_sal,HAMILTON
404,1818.0,0.4038897265896666,0.6793336539709598,no_baseline,25.0,0.10040160642570281,20,1,hamilton_37,acute_sal,HAMILTON
405,1827.0,0.47205228684077777,1.0097555672285872,no_baseline,57.0,0.2602739726027397,32,1,hamilton_37,acute_sal,HAMILTON
406,1828.0,0.3406869713769445,1.038612637473028,no_baseline,53.0,0.20784313725490197,16,1,hamilton_37,acute_sal,HAMILTON
407,1829.0,0.3728013255011667,1.0201610748332293,no_baseline,46.0,0.17037037037037037,26,1,hamilton_37,acute_sal,HAMILTON
408,1830.0,0.06777248815850001,1.1447303466832142,no_baseline,39.0,0.14285714285714285,16,1,hamilton_37,acute_sal,HAMILTON
409,1831.0,0.20377874749327776,1.1387931024371563,no_baseline,50.0,0.18115942028985507,5,1,hamilton_37,acute_sal,HAMILTON
410,1836.0,0.3054826907045555,1.0005248597759295,no_baseline,43.0,0.16226415094339622,1,1,hamilton_37,acute_sal,HAMILTON
411,1842.0,0.46555684632307687,1.0461219965846664,no_baseline,99.0,0.4604651162790698,3,1,hamilton_35,acute_sal,HAMILTON
412,1848.0,0.0821788046548718,0.9163927043062111,no_baseline,49.0,0.17689530685920576,6,1,hamilton_35,acute_sal,HAMILTON
413,1857.0,0.41848027341493593,1.0464082144164177,no_baseline,24.0,0.09448818897637795,10,1,hamilton_35,acute_sal,HAMILTON
414,1874.0,0.2762020244600641,0.9435382270229785,no_baseline,51.0,0.18149466192170818,14,1,hamilton_35,acute_sal,HAMILTON
415,1888.0,0.06508780795057693,1.0183212676952025,no_baseline,34.0,0.1440677966101695,22,1,hamilton_35,acute_sal,HAMILTON
416,1889.0,0.2677096466624359,0.9107886019667019,no_baseline,29.0,0.11372549019607843,24,1,hamilton_35,acute_sal,HAMILTON
417,1900.0,0.13923992739211538,1.230462700601832,no_baseline,19.0,0.07692307692307693,32,1,hamilton_35,acute_sal,HAMILTON
418,1963.0,0.2763551317885746,1.0406012209731432,no_baseline,41.0,0.15355805243445692,9,1,hamilton_32,acute_sal,HAMILTON
419,1975.0,0.018830956405324457,1.0159526889569148,no_baseline,133.0,0.525691699604743,23,1,hamilton_32,acute_sal,HAMILTON
420,1988.0,0.38385854757149196,1.0624830904229945,no_baseline,62.0,0.2052980132450331,27,1,hamilton_32,acute_sal,HAMILTON
421,1990.0,0.004806181803050471,0.8538163010883142,no_baseline,111.0,0.3024523160762943,32,1,hamilton_32,acute_sal,HAMILTON
422,1993.0,0.012219308116749861,1.2981156992699665,no_baseline,123.0,0.5061728395061729,14,1,hamilton_32,acute_sal,HAMILTON
423,2000.0,0.3124393402575707,0.9106122426446206,no_baseline,37.0,0.13962264150943396,11,1,hamilton_32,acute_sal,HAMILTON
424,1063.0,,,no_baseline,,,23,1,hamilton_09,acute_cit,HAMILTON
425,1753.0,,,no_baseline,,,10,1,hamilton_38,acute_cit,HAMILTON
