,neuron_id,mean_firing_rate,cv2_isi,type,waveform_width,peak_asymmetry,channel,is_single_unit,session_name,group_name,experiment_name
0,1069.0,1.8354931893598334,1.0056145415949589,slow_irregular,25.0,0.10121457489878542,30,1,hamilton_01,chronic_saline,HAMILTON
1,1070.0,6.371820214131723,0.9992782497976213,slow_irregular,41.0,0.15708812260536398,29,1,hamilton_01,chronic_saline,HAMILTON
2,1071.0,9.379800023464002,0.7434991706354585,fast_firing,39.0,0.1517509727626459,27,1,hamilton_01,chronic_saline,HAMILTON
3,1072.0,8.66819161580389,0.9766616104557532,fast_firing,43.0,0.16104868913857678,25,1,hamilton_01,chronic_saline,HAMILTON
4,1074.0,3.6172856218319995,0.8084715344940145,slow_irregular,40.0,0.15267175572519084,26,1,hamilton_01,chronic_saline,HAMILTON
5,1075.0,4.867454561722667,0.7234014582787649,slow_irregular,37.0,0.14396887159533073,28,1,hamilton_01,chronic_saline,HAMILTON
6,1076.0,1.9212267739272222,0.8525161436734944,slow_irregular,28.0,0.1111111111111111,23,1,hamilton_01,chronic_saline,HAMILTON
7,1078.0,2.822795574709889,0.8752683030303269,slow_irregular,86.0,0.3333333333333333,19,1,hamilton_01,chronic_saline,HAMILTON
8,1079.0,3.453206299220055,0.8062147101853542,slow_irregular,27.0,0.1067193675889328,32,1,hamilton_01,chronic_saline,HAMILTON
9,1081.0,1.4503232542098885,0.5228096893884648,slow_regular,33.0,0.12941176470588237,30,1,hamilton_01,chronic_saline,HAMILTON
10,1082.0,3.4795065981328333,0.9300486681093237,slow_irregular,39.0,0.14606741573033707,26,1,hamilton_01,chronic_saline,HAMILTON
11,1084.0,2.042459151946167,0.8572700023959292,slow_irregular,33.0,0.13043478260869565,30,1,hamilton_01,chronic_saline,HAMILTON
12,1085.0,0.508863731343,0.5014813971421885,slow_regular,85.0,0.3231939163498099,17,1,hamilton_01,chronic_saline,HAMILTON
13,1086.0,1.4327758360408889,1.0596078063420047,slow_irregular,48.0,0.16783216783216784,21,1,hamilton_01,chronic_saline,HAMILTON
14,1087.0,0.9330223413617776,1.052017144624422,slow_irregular,45.0,0.16483516483516483,32,1,hamilton_01,chronic_saline,HAMILTON
15,1093.0,2.240995095023403,0.7498304227241963,slow_irregular,25.0,0.09881422924901186,25,1,hamilton_02,citalopram_continuation,HAMILTON
16,1094.0,0.5148812936189427,0.7739962041752174,slow_irregular,26.0,0.1015625,27,1,hamilton_02,citalopram_continuation,HAMILTON
17,1098.0,1.0021275766170155,0.7496315237301141,slow_irregular,22.0,0.088,27,1,hamilton_02,citalopram_continuation,HAMILTON
18,1100.0,2.0423138010693287,0.5033254845213254,slow_regular,28.0,0.109375,9,1,hamilton_02,citalopram_continuation,HAMILTON
19,1105.0,0.7295310782838655,0.8731275077245925,slow_irregular,32.0,0.13793103448275862,23,1,hamilton_02,citalopram_continuation,HAMILTON
20,1107.0,0.970630289819163,0.43704803674584913,slow_regular,49.0,0.1821561338289963,25,1,hamilton_02,citalopram_continuation,HAMILTON
21,1111.0,1.3870712201331499,0.4581296702543711,slow_regular,46.0,0.18253968253968253,3,1,hamilton_02,citalopram_continuation,HAMILTON
22,1114.0,12.804923730314,0.8004309327750234,fast_firing,89.0,0.42995169082125606,32,1,hamilton_12,citalopram_discontinuation,HAMILTON
23,1116.0,7.676286294450834,0.9849396714327578,fast_firing,36.0,0.144,31,1,hamilton_12,citalopram_discontinuation,HAMILTON
24,1119.0,0.5730315976603333,0.954709456925859,slow_irregular,58.0,0.21804511278195488,27,1,hamilton_12,citalopram_discontinuation,HAMILTON
25,1121.0,2.929262083614,0.9080675964370413,slow_irregular,84.0,0.4329896907216495,30,1,hamilton_12,citalopram_discontinuation,HAMILTON
26,1123.0,7.356039501274611,0.8741719210456573,slow_irregular,20.0,0.07692307692307693,16,1,hamilton_12,citalopram_discontinuation,HAMILTON
27,1124.0,2.883246732019445,0.8311969890715577,slow_irregular,43.0,0.16996047430830039,30,1,hamilton_12,citalopram_discontinuation,HAMILTON
28,1127.0,1.6549086949281668,0.3692433141817422,slow_regular,62.0,0.21379310344827587,20,1,hamilton_12,citalopram_discontinuation,HAMILTON
29,1129.0,2.1736184105606666,0.3421895760144553,slow_regular,69.0,0.23389830508474577,22,1,hamilton_12,citalopram_discontinuation,HAMILTON
30,1131.0,1.1434696547528331,1.0308159056034698,slow_irregular,31.0,0.1308016877637131,10,1,hamilton_12,citalopram_discontinuation,HAMILTON
31,1136.0,0.926455591879111,0.9823225140795875,slow_irregular,37.0,0.14741035856573706,25,1,hamilton_12,citalopram_discontinuation,HAMILTON
32,1137.0,0.6719381511971111,1.0720193589527998,slow_irregular,26.0,0.10655737704918032,29,1,hamilton_12,citalopram_discontinuation,HAMILTON
33,1138.0,1.6368821044173334,1.0085670314077075,slow_irregular,38.0,0.1623931623931624,1,1,hamilton_12,citalopram_discontinuation,HAMILTON
34,1139.0,1.3782729414846113,0.956931416943317,slow_irregular,45.0,0.18828451882845187,20,1,hamilton_12,citalopram_discontinuation,HAMILTON
35,1141.0,0.7644249262039444,0.6833985585695181,slow_regular,35.0,0.14056224899598393,15,1,hamilton_12,citalopram_discontinuation,HAMILTON
36,1142.0,1.2666573833719446,0.6074878525544526,slow_regular,83.0,0.27946127946127947,32,1,hamilton_12,citalopram_discontinuation,HAMILTON
37,1143.0,3.580054313632069,0.48970901074395345,slow_regular,114.0,0.5181818181818182,4,1,hamilton_13,chronic_saline,HAMILTON
38,1144.0,23.234303671581372,0.39787592125323645,fast_firing,23.0,0.09387755102040816,28,1,hamilton_13,chronic_saline,HAMILTON
39,1145.0,6.744696130251366,0.918673976448071,slow_irregular,25.0,0.10040160642570281,25,1,hamilton_13,chronic_saline,HAMILTON
40,1146.0,19.973773540740268,0.5215763830029521,fast_firing,31.0,0.1225296442687747,31,1,hamilton_13,chronic_saline,HAMILTON
41,1148.0,4.952502068625543,0.6412640821373586,slow_regular,29.0,0.11462450592885376,28,1,hamilton_13,chronic_saline,HAMILTON
42,1149.0,19.36918967296665,0.5637939024601941,fast_firing,97.0,0.47317073170731705,27,1,hamilton_13,chronic_saline,HAMILTON
43,1150.0,8.048393145076018,0.7999790628174243,slow_irregular,47.0,0.17870722433460076,31,1,hamilton_13,chronic_saline,HAMILTON
44,1151.0,3.4385950081129955,0.2790478236376245,slow_regular,79.0,0.2831541218637993,32,1,hamilton_13,chronic_saline,HAMILTON
45,1152.0,1.9186808963635806,0.45970353518471835,slow_regular,69.0,0.23389830508474577,16,1,hamilton_13,chronic_saline,HAMILTON
46,1153.0,3.33146717359565,0.9199341536058583,slow_irregular,77.0,0.25925925925925924,27,1,hamilton_13,chronic_saline,HAMILTON
47,1154.0,2.5631995417548796,0.4184932407025268,slow_regular,94.0,0.31756756756756754,26,1,hamilton_13,chronic_saline,HAMILTON
48,1166.0,3.2749601060043885,0.5449300989379543,slow_regular,36.0,0.13740458015267176,32,1,hamilton_14,citalopram_continuation,HAMILTON
49,1167.0,0.986257861155111,1.0008747816073653,slow_irregular,119.0,0.3707165109034268,23,1,hamilton_14,citalopram_continuation,HAMILTON
50,1168.0,1.3746290004772779,0.908017907937929,slow_irregular,81.0,0.2745762711864407,24,1,hamilton_14,citalopram_continuation,HAMILTON
51,1173.0,1.0637587937910555,0.49320479322404204,slow_regular,55.0,0.1971326164874552,28,1,hamilton_14,citalopram_continuation,HAMILTON
52,1175.0,4.004854860687889,0.6617878674716964,slow_regular,63.0,0.22580645161290322,30,1,hamilton_14,citalopram_continuation,HAMILTON
53,1176.0,0.9065047567778334,0.6427863819929368,slow_regular,65.0,0.2145214521452145,26,1,hamilton_05,citalopram_discontinuation,HAMILTON
54,1178.0,5.244148301795334,0.5245026392757184,slow_regular,47.0,0.1760299625468165,19,1,hamilton_05,citalopram_discontinuation,HAMILTON
55,1179.0,5.141512137695944,0.5446497512134504,slow_regular,16.0,0.06557377049180328,17,1,hamilton_05,citalopram_discontinuation,HAMILTON
56,1180.0,0.6962738724585554,0.8863243903389101,slow_irregular,23.0,0.09236947791164658,19,1,hamilton_05,citalopram_discontinuation,HAMILTON
57,1182.0,1.7161558785142776,0.41772890512199706,slow_regular,34.0,0.1349206349206349,26,1,hamilton_05,citalopram_discontinuation,HAMILTON
58,1183.0,1.8456270309488334,0.41361679791879913,slow_regular,59.0,0.2041522491349481,26,1,hamilton_05,citalopram_discontinuation,HAMILTON
59,1184.0,1.8381577243939613,0.5494752034847719,slow_regular,67.0,0.24723247232472326,19,1,hamilton_17,citalopram_discontinuation,HAMILTON
60,1186.0,5.047890416363878,1.0375166611659767,slow_irregular,52.0,0.18840579710144928,32,1,hamilton_17,citalopram_discontinuation,HAMILTON
61,1190.0,0.9740654479111358,0.8803140814888044,slow_irregular,64.0,0.2689075630252101,26,1,hamilton_17,citalopram_discontinuation,HAMILTON
62,1191.0,1.6605998757723544,0.930171589446203,slow_irregular,37.0,0.14068441064638784,27,1,hamilton_17,citalopram_discontinuation,HAMILTON
63,1192.0,1.7913175774385042,1.0059942552829186,slow_irregular,50.0,0.1865671641791045,28,1,hamilton_17,citalopram_discontinuation,HAMILTON
64,1193.0,5.381540787966149,0.9410610284740949,slow_irregular,53.0,0.18996415770609318,24,1,hamilton_17,citalopram_discontinuation,HAMILTON
65,1194.0,0.896007735857396,0.9019219972348361,slow_irregular,34.0,0.13076923076923078,26,1,hamilton_17,citalopram_discontinuation,HAMILTON
66,1195.0,0.9685983876614405,0.9259407614164148,slow_irregular,29.0,0.11553784860557768,30,1,hamilton_17,citalopram_discontinuation,HAMILTON
67,1196.0,4.081216748135014,0.9824791967776552,slow_irregular,45.0,0.16605166051660517,31,1,hamilton_17,citalopram_discontinuation,HAMILTON
68,1197.0,2.2068509008496955,1.0821153718524708,slow_irregular,42.0,0.15671641791044777,31,1,hamilton_17,citalopram_discontinuation,HAMILTON
69,1198.0,0.5409502643419944,0.9835979599207825,slow_irregular,44.0,0.16058394160583941,32,1,hamilton_17,citalopram_discontinuation,HAMILTON
70,1200.0,1.0121523870199445,0.966520688196322,slow_irregular,52.0,0.1793103448275862,17,1,hamilton_17,citalopram_discontinuation,HAMILTON
71,1201.0,1.3091280264783933,0.8260726338841723,slow_irregular,48.0,0.18181818181818182,19,1,hamilton_17,citalopram_discontinuation,HAMILTON
72,1202.0,2.5768401908059833,0.7499576642540029,slow_irregular,36.0,0.14173228346456693,28,1,hamilton_17,citalopram_discontinuation,HAMILTON
73,1204.0,6.492197407312798,0.8933824941136557,slow_irregular,63.0,0.2179930795847751,22,1,hamilton_17,citalopram_discontinuation,HAMILTON
74,1205.0,4.128258685433629,0.8230324811819797,slow_irregular,40.0,0.15151515151515152,24,1,hamilton_17,citalopram_discontinuation,HAMILTON
75,1208.0,0.7260623180839335,0.9568247020696355,slow_irregular,46.0,0.16666666666666666,32,1,hamilton_17,citalopram_discontinuation,HAMILTON
76,1209.0,0.8891324866781718,0.909608037225889,slow_irregular,39.0,0.1471698113207547,25,1,hamilton_17,citalopram_discontinuation,HAMILTON
77,1210.0,1.3866164167865376,0.9303389059065614,slow_irregular,38.0,0.13768115942028986,27,1,hamilton_17,citalopram_discontinuation,HAMILTON
78,1211.0,3.511299872586205,0.9543560865022607,slow_irregular,64.0,0.22377622377622378,20,1,hamilton_17,citalopram_discontinuation,HAMILTON
79,1212.0,0.5618018610285873,1.08121807741802,slow_irregular,46.0,0.16911764705882354,32,1,hamilton_17,citalopram_discontinuation,HAMILTON
80,1214.0,0.9739432799498061,1.096742601471947,slow_irregular,45.0,0.16605166051660517,32,1,hamilton_17,citalopram_discontinuation,HAMILTON
81,1215.0,3.1868853686982828,0.891735641018292,slow_irregular,50.0,0.1984126984126984,21,1,hamilton_17,citalopram_discontinuation,HAMILTON
82,1216.0,0.7889751002063712,1.018827909591991,slow_irregular,61.0,0.2040133779264214,19,1,hamilton_17,citalopram_discontinuation,HAMILTON
83,1219.0,3.4878686130442658,0.3903629858983089,slow_regular,48.0,0.17391304347826086,28,1,hamilton_17,citalopram_discontinuation,HAMILTON
84,1220.0,2.4807871057943887,1.0306602032800303,slow_irregular,74.0,0.3490566037735849,6,1,hamilton_18,citalopram_discontinuation,HAMILTON
85,1221.0,5.11590502507161,0.6265739357635407,slow_regular,57.0,0.20577617328519857,11,1,hamilton_18,citalopram_discontinuation,HAMILTON
86,1222.0,2.2040558814049445,0.6482087694483649,slow_regular,30.0,0.1171875,11,1,hamilton_18,citalopram_discontinuation,HAMILTON
87,1223.0,11.431805341638832,0.5778913160476099,fast_firing,72.0,0.23376623376623376,11,1,hamilton_18,citalopram_discontinuation,HAMILTON
88,1224.0,1.6672447078543338,0.7045105422465021,slow_regular,54.0,0.19424460431654678,9,1,hamilton_18,citalopram_discontinuation,HAMILTON
89,1226.0,2.718135977052389,0.8099920267618375,slow_irregular,45.0,0.15901060070671377,15,1,hamilton_18,citalopram_discontinuation,HAMILTON
90,1227.0,9.46238916863678,0.9688236490239305,fast_firing,50.0,0.1865671641791045,17,1,hamilton_18,citalopram_discontinuation,HAMILTON
91,1229.0,10.127218044368112,0.7434227611641341,fast_firing,41.0,0.15471698113207547,18,1,hamilton_18,citalopram_discontinuation,HAMILTON
92,1230.0,9.904126212489889,0.9401121602080811,fast_firing,44.0,0.1774193548387097,22,1,hamilton_18,citalopram_discontinuation,HAMILTON
93,1231.0,7.145792123647334,0.9666303650323118,slow_irregular,45.0,0.18218623481781376,25,1,hamilton_18,citalopram_discontinuation,HAMILTON
94,1232.0,4.8406628775935,0.9114683984028614,slow_irregular,68.0,0.2222222222222222,21,1,hamilton_18,citalopram_discontinuation,HAMILTON
95,1233.0,2.570818615890611,0.5582775345502026,slow_regular,70.0,0.25925925925925924,24,1,hamilton_18,citalopram_discontinuation,HAMILTON
96,1234.0,2.6943503117483885,0.7079596002308949,slow_regular,43.0,0.1552346570397112,26,1,hamilton_18,citalopram_discontinuation,HAMILTON
97,1235.0,2.3818128012025,0.9288577484555472,slow_irregular,64.0,0.21333333333333335,25,1,hamilton_18,citalopram_discontinuation,HAMILTON
98,1236.0,5.1905800661467785,0.5490818862302047,slow_regular,20.0,0.08130081300813008,30,1,hamilton_18,citalopram_discontinuation,HAMILTON
99,1237.0,6.556637060308389,0.9999338233907845,slow_irregular,42.0,0.168,29,1,hamilton_18,citalopram_discontinuation,HAMILTON
100,1238.0,9.713064724768001,0.5816556447519307,fast_firing,27.0,0.10756972111553785,30,1,hamilton_18,citalopram_discontinuation,HAMILTON
101,1239.0,1.2815055073323889,1.0580846225703486,slow_irregular,,,28,1,hamilton_18,citalopram_discontinuation,HAMILTON
102,1240.0,2.737589998347611,1.0065518349239455,slow_irregular,34.0,0.125,31,1,hamilton_18,citalopram_discontinuation,HAMILTON
103,1241.0,5.761466818499112,0.972238200824674,slow_irregular,44.0,0.1746031746031746,32,1,hamilton_18,citalopram_discontinuation,HAMILTON
104,1242.0,1.6075867420694445,0.6809045898098761,slow_regular,66.0,0.22758620689655173,25,1,hamilton_18,citalopram_discontinuation,HAMILTON
105,1244.0,2.2383250160615002,0.8121389381727662,slow_irregular,40.0,0.16393442622950818,16,1,hamilton_18,citalopram_discontinuation,HAMILTON
106,1250.0,1.4760661496333332,1.0257408670819073,slow_irregular,38.0,0.14285714285714285,2,1,hamilton_23,citalopram_continuation,HAMILTON
107,1261.0,3.3655636125641664,0.24004645096604582,slow_regular,39.0,0.1471698113207547,8,1,hamilton_23,citalopram_continuation,HAMILTON
108,1264.0,3.0817276509731113,0.63191674186916,slow_regular,51.0,0.19844357976653695,9,1,hamilton_23,citalopram_continuation,HAMILTON
109,1265.0,1.3607657363126666,0.7167380725586823,slow_regular,46.0,0.17164179104477612,10,1,hamilton_23,citalopram_continuation,HAMILTON
110,1266.0,1.4015712702495002,0.9965414698634406,slow_irregular,47.0,0.1760299625468165,11,1,hamilton_23,citalopram_continuation,HAMILTON
111,1267.0,1.4307385142665554,0.47465713680111304,slow_regular,41.0,0.148014440433213,11,1,hamilton_23,citalopram_continuation,HAMILTON
112,1269.0,2.715970972147667,0.2720065162426782,slow_regular,40.0,0.145985401459854,12,1,hamilton_23,citalopram_continuation,HAMILTON
113,1270.0,2.5678216571041665,0.7338189413538896,slow_irregular,38.0,0.14393939393939395,12,1,hamilton_23,citalopram_continuation,HAMILTON
114,1272.0,2.9670769506101107,0.730760359119835,slow_irregular,47.0,0.17735849056603772,13,1,hamilton_23,citalopram_continuation,HAMILTON
115,1273.0,0.9492582408738889,0.8647011571922067,slow_irregular,39.0,0.14285714285714285,12,1,hamilton_23,citalopram_continuation,HAMILTON
116,1274.0,1.0878704337684444,0.6705057522563764,slow_regular,51.0,0.17894736842105263,14,1,hamilton_23,citalopram_continuation,HAMILTON
117,1276.0,0.6652714038621667,0.46693544771243767,slow_regular,46.0,0.17293233082706766,14,1,hamilton_23,citalopram_continuation,HAMILTON
118,1277.0,1.4221063532042222,0.9450387311829913,slow_irregular,28.0,0.11023622047244094,14,1,hamilton_23,citalopram_continuation,HAMILTON
119,1280.0,1.6630710479915556,0.6268866337987175,slow_regular,43.0,0.16862745098039217,15,1,hamilton_23,citalopram_continuation,HAMILTON
120,1283.0,5.321001111819832,0.9815326526323872,slow_irregular,42.0,0.1590909090909091,16,1,hamilton_23,citalopram_continuation,HAMILTON
121,1284.0,2.3242348033661115,0.24526067996731588,slow_regular,54.0,0.2076923076923077,16,1,hamilton_23,citalopram_continuation,HAMILTON
122,1285.0,2.3240192742139447,0.31659146796163673,slow_regular,55.0,0.19572953736654805,16,1,hamilton_23,citalopram_continuation,HAMILTON
123,1287.0,2.9418411667354443,0.8748353783324129,slow_irregular,100.0,0.43478260869565216,17,1,hamilton_23,citalopram_continuation,HAMILTON
124,1289.0,3.9310169210098884,0.93230403220216,slow_irregular,40.0,0.16,18,1,hamilton_23,citalopram_continuation,HAMILTON
125,1292.0,0.7417269270058889,0.7193870143630903,slow_regular,40.0,0.14388489208633093,22,1,hamilton_23,citalopram_continuation,HAMILTON
126,1294.0,1.1181146842269443,0.8498564954865361,slow_irregular,50.0,0.21551724137931033,32,1,hamilton_23,citalopram_continuation,HAMILTON
127,1299.0,1.3575523079285554,1.0371084946062066,slow_irregular,42.0,0.17073170731707318,30,1,hamilton_23,citalopram_continuation,HAMILTON
128,1301.0,0.9950366820483888,0.5818121733704618,slow_regular,96.0,0.41739130434782606,30,1,hamilton_23,citalopram_continuation,HAMILTON
129,1302.0,1.1771093357513887,1.022251608327856,slow_irregular,65.0,0.2313167259786477,30,1,hamilton_23,citalopram_continuation,HAMILTON
130,1303.0,2.6230859728897222,0.9407231790445842,slow_irregular,111.0,0.46443514644351463,31,1,hamilton_23,citalopram_continuation,HAMILTON
131,1304.0,0.5983611761061111,0.5409815865215643,slow_regular,53.0,0.18213058419243985,31,1,hamilton_23,citalopram_continuation,HAMILTON
132,1312.0,1.3716218237555,0.4779285768333191,slow_regular,43.0,0.15985130111524162,14,1,hamilton_23,citalopram_continuation,HAMILTON
133,1314.0,1.4514196598791667,0.9046000923718598,slow_irregular,40.0,0.16806722689075632,10,1,hamilton_23,citalopram_continuation,HAMILTON
134,1315.0,1.2438717083293889,0.36785139257531035,slow_regular,41.0,0.14695340501792115,18,1,hamilton_23,citalopram_continuation,HAMILTON
135,1316.0,2.7760285178407775,0.6569256864965181,slow_regular,53.0,0.19413919413919414,31,1,hamilton_23,citalopram_continuation,HAMILTON
136,1317.0,0.9966872618557222,0.5748843181897433,slow_regular,48.0,0.17142857142857143,26,1,hamilton_23,citalopram_continuation,HAMILTON
137,1318.0,2.6848714262388333,0.8711803049345446,slow_irregular,54.0,0.21428571428571427,16,1,hamilton_23,citalopram_continuation,HAMILTON
138,1319.0,3.0716665768901112,0.9956934902307301,slow_irregular,108.0,0.5142857142857142,27,1,hamilton_23,citalopram_continuation,HAMILTON
139,1321.0,0.8682473316557778,0.44029872549244903,slow_regular,103.0,0.44206008583690987,25,1,hamilton_23,citalopram_continuation,HAMILTON
140,1322.0,0.6420427779984446,0.5891588261448152,slow_regular,64.0,0.22377622377622378,5,1,hamilton_23,citalopram_continuation,HAMILTON
141,1328.0,0.7399613554399445,0.5587707682067633,slow_regular,78.0,0.29545454545454547,6,1,hamilton_23,citalopram_continuation,HAMILTON
142,1329.0,0.6991968104648333,0.6277895563689794,slow_regular,53.0,0.19272727272727272,3,1,hamilton_23,citalopram_continuation,HAMILTON
143,1330.0,16.921712245056945,0.5072471925537335,fast_firing,15.0,0.06172839506172839,2,1,hamilton_23,citalopram_continuation,HAMILTON
144,1331.0,1.7495616013196666,0.6668801952121837,slow_regular,39.0,0.1471698113207547,14,1,hamilton_23,citalopram_continuation,HAMILTON
145,1332.0,1.0404028579973332,0.802757282251762,slow_irregular,45.0,0.16605166051660517,14,1,hamilton_23,citalopram_continuation,HAMILTON
146,1333.0,1.225705520249889,0.945139588673918,slow_irregular,75.0,0.28517110266159695,17,1,hamilton_23,citalopram_continuation,HAMILTON
147,1336.0,0.5419603567425556,0.5969338391453045,slow_regular,41.0,0.15129151291512916,18,1,hamilton_23,citalopram_continuation,HAMILTON
148,1338.0,6.551346276124501,0.7018456210612618,slow_irregular,31.0,0.12062256809338522,13,1,hamilton_23,citalopram_continuation,HAMILTON
149,1339.0,2.492951273160222,0.9022289631404113,slow_irregular,33.0,0.13147410358565736,15,1,hamilton_23,citalopram_continuation,HAMILTON
150,1341.0,1.5322504493957778,0.5560088910302626,slow_regular,36.0,0.13740458015267176,13,1,hamilton_23,citalopram_continuation,HAMILTON
151,1342.0,0.5748382641255,1.0504730287684603,slow_irregular,67.0,0.24363636363636362,27,1,hamilton_23,citalopram_continuation,HAMILTON
152,1343.0,0.7624559901021667,0.9508472458390692,slow_irregular,53.0,0.225531914893617,6,1,hamilton_23,citalopram_continuation,HAMILTON
153,1344.0,1.4278558474831669,0.5335955841478094,slow_regular,54.0,0.1836734693877551,29,1,hamilton_23,citalopram_continuation,HAMILTON
154,1345.0,7.021078055906388,0.6180074820404536,fast_firing,21.0,0.08571428571428572,22,1,hamilton_23,citalopram_continuation,HAMILTON
155,1347.0,0.5179673838139445,0.8982687197283833,slow_irregular,33.0,0.12359550561797752,10,1,hamilton_23,citalopram_continuation,HAMILTON
156,1349.0,1.1018234451314999,0.879896487170793,slow_irregular,113.0,0.5207373271889401,24,1,hamilton_23,citalopram_continuation,HAMILTON
157,1350.0,1.4959074947902222,0.7785729713115715,slow_irregular,31.0,0.11969111969111969,2,1,hamilton_07,chronic_saline,HAMILTON
158,1353.0,0.6693134316224445,0.7651923143272991,slow_irregular,55.0,0.1971326164874552,2,1,hamilton_07,chronic_saline,HAMILTON
159,1354.0,2.6682671345095,0.8267567309030813,slow_irregular,49.0,0.17689530685920576,1,1,hamilton_07,chronic_saline,HAMILTON
160,1355.0,0.8717246758903334,0.3104162283278844,slow_regular,67.0,0.22112211221122113,1,1,hamilton_07,chronic_saline,HAMILTON
161,1356.0,3.368811454891333,0.622491705855489,slow_regular,30.0,0.11811023622047244,8,1,hamilton_07,chronic_saline,HAMILTON
162,1357.0,4.695696690046557,0.9771988597763099,slow_irregular,81.0,0.2862190812720848,10,1,hamilton_07,chronic_saline,HAMILTON
163,1361.0,4.216908356164834,0.6103788091307679,slow_regular,38.0,0.1450381679389313,13,1,hamilton_07,chronic_saline,HAMILTON
164,1362.0,4.974238660553889,0.8765269329368582,slow_irregular,118.0,0.4573643410852713,12,1,hamilton_07,chronic_saline,HAMILTON
165,1363.0,5.3693746148053325,0.43755916914088855,slow_regular,60.0,0.21428571428571427,14,1,hamilton_07,chronic_saline,HAMILTON
166,1364.0,2.760653133862667,0.327630608148447,slow_regular,63.0,0.2179930795847751,14,1,hamilton_07,chronic_saline,HAMILTON
167,1366.0,3.884312069861167,0.3663744015891569,slow_regular,63.0,0.2342007434944238,16,1,hamilton_07,chronic_saline,HAMILTON
168,1367.0,1.0043773189782779,0.9679522366444463,slow_irregular,52.0,0.18055555555555555,20,1,hamilton_07,chronic_saline,HAMILTON
169,1368.0,3.7146371165820553,0.9053672323652834,slow_irregular,32.0,0.12698412698412698,17,1,hamilton_07,chronic_saline,HAMILTON
170,1369.0,8.481337850397109,0.850750219481901,fast_firing,29.0,0.11284046692607004,19,1,hamilton_07,chronic_saline,HAMILTON
171,1370.0,0.9669071302433889,0.8220427819064533,slow_irregular,34.0,0.125,18,1,hamilton_07,chronic_saline,HAMILTON
172,1371.0,1.8937025260498888,0.4431699100904914,slow_regular,17.0,0.06938775510204082,17,1,hamilton_07,chronic_saline,HAMILTON
173,1372.0,0.6651328914058333,0.6099284784684355,slow_regular,55.0,0.19434628975265017,17,1,hamilton_07,chronic_saline,HAMILTON
174,1373.0,7.8524751579625,0.9762675413749826,fast_firing,50.0,0.18518518518518517,19,1,hamilton_07,chronic_saline,HAMILTON
175,1378.0,3.9959689886131664,0.29360756335457217,slow_regular,51.0,0.1895910780669145,31,1,hamilton_07,chronic_saline,HAMILTON
176,1379.0,7.481914077816667,0.8073714522314706,slow_irregular,37.0,0.1450980392156863,32,1,hamilton_07,chronic_saline,HAMILTON
177,1380.0,3.4347967879881667,0.9677005987434051,slow_irregular,45.0,0.17647058823529413,32,1,hamilton_07,chronic_saline,HAMILTON
178,1383.0,14.335803463943112,0.595651009214218,fast_firing,27.0,0.1067193675889328,32,1,hamilton_07,chronic_saline,HAMILTON
179,1384.0,19.540176672191112,0.5123512343213961,fast_firing,64.0,0.2644628099173554,21,1,hamilton_07,chronic_saline,HAMILTON
180,1385.0,4.891413696987667,0.6237577204956516,slow_regular,54.0,0.2125984251968504,9,1,hamilton_07,chronic_saline,HAMILTON
181,1386.0,7.895237920054944,0.7502172405233992,slow_irregular,34.0,0.1328125,26,1,hamilton_07,chronic_saline,HAMILTON
182,1387.0,3.6056200847410556,0.8251823611545199,slow_irregular,31.0,0.13304721030042918,29,1,hamilton_07,chronic_saline,HAMILTON
183,1389.0,1.7094048435148335,0.6763860703571477,slow_regular,61.0,0.21708185053380782,22,1,hamilton_07,chronic_saline,HAMILTON
184,1391.0,5.8209303444486675,0.9489913305143595,slow_irregular,55.0,0.1971326164874552,14,1,hamilton_07,chronic_saline,HAMILTON
185,1392.0,2.506003508962167,0.6753116148232018,slow_regular,27.0,0.1067193675889328,3,1,hamilton_07,chronic_saline,HAMILTON
186,1393.0,1.998969294803889,0.31138855967211365,slow_regular,67.0,0.2454212454212454,19,1,hamilton_07,chronic_saline,HAMILTON
187,1394.0,1.6528260666824999,0.5026876869550837,slow_regular,51.0,0.18681318681318682,16,1,hamilton_07,chronic_saline,HAMILTON
188,1395.0,2.4644101135920002,0.9596157138090892,slow_irregular,30.0,0.11904761904761904,32,1,hamilton_07,chronic_saline,HAMILTON
189,1397.0,1.9625031114830556,0.349534973819075,slow_regular,55.0,0.16417910447761194,1,1,hamilton_07,chronic_saline,HAMILTON
190,1398.0,11.2856387553905,0.9886794477313032,fast_firing,60.0,0.2112676056338028,20,1,hamilton_07,chronic_saline,HAMILTON
191,1399.0,7.095448126628556,0.9748168744703074,slow_irregular,101.0,0.4122448979591837,27,1,hamilton_07,chronic_saline,HAMILTON
192,1401.0,6.893613964642388,0.4542513522235264,slow_regular,21.0,0.08502024291497975,23,1,hamilton_07,chronic_saline,HAMILTON
193,1403.0,1.1783668551901667,0.5889986533602586,slow_regular,16.0,0.07017543859649122,17,1,hamilton_07,chronic_saline,HAMILTON
194,1405.0,7.5739425789889445,0.9115003106984357,slow_irregular,109.0,0.48878923766816146,5,1,hamilton_07,chronic_saline,HAMILTON
195,1406.0,5.241290345230833,0.8462128497185315,slow_irregular,70.0,0.25547445255474455,12,1,hamilton_07,chronic_saline,HAMILTON
196,1407.0,0.7768119977284446,0.5818463003241572,slow_regular,15.0,0.058823529411764705,17,1,hamilton_07,chronic_saline,HAMILTON
197,1408.0,1.9804454234508335,0.4171411433255971,slow_regular,70.0,0.22727272727272727,3,1,hamilton_07,chronic_saline,HAMILTON
198,1410.0,1.8473447450504998,0.9445892793300298,slow_irregular,47.0,0.1828793774319066,31,1,hamilton_07,chronic_saline,HAMILTON
199,1413.0,3.492836489409667,1.0428373929318606,slow_irregular,62.0,0.22142857142857142,22,1,hamilton_07,chronic_saline,HAMILTON
200,1416.0,1.9902144650460556,0.6295935129928382,slow_regular,74.0,0.3135593220338983,4,1,hamilton_08,citalopram_continuation,HAMILTON
201,1417.0,0.7593335048505001,0.8434465632549053,slow_irregular,61.0,0.21254355400696864,4,1,hamilton_08,citalopram_continuation,HAMILTON
202,1426.0,0.6563164903597778,0.9265423336716637,slow_irregular,70.0,0.2517985611510791,8,1,hamilton_08,citalopram_continuation,HAMILTON
203,1430.0,0.669974903209889,0.9040115052755134,slow_irregular,56.0,0.1891891891891892,9,1,hamilton_08,citalopram_continuation,HAMILTON
204,1434.0,0.889801409376389,0.6484940000286101,slow_regular,54.0,0.19148936170212766,10,1,hamilton_08,citalopram_continuation,HAMILTON
205,1435.0,3.3205984714937777,0.38392731591129486,slow_regular,57.0,0.20141342756183744,10,1,hamilton_08,citalopram_continuation,HAMILTON
206,1437.0,3.5018895107436663,0.7632408769838444,slow_irregular,57.0,0.20577617328519857,15,1,hamilton_08,citalopram_continuation,HAMILTON
207,1439.0,0.8227792568811666,0.6811920436599792,slow_regular,54.0,0.18493150684931506,13,1,hamilton_08,citalopram_continuation,HAMILTON
208,1440.0,0.8765623167935556,1.0311893546354847,slow_irregular,46.0,0.184,16,1,hamilton_08,citalopram_continuation,HAMILTON
209,1441.0,0.7727505248390556,0.9189813084068675,slow_irregular,50.0,0.18796992481203006,13,1,hamilton_08,citalopram_continuation,HAMILTON
210,1443.0,0.9744392049906666,0.7667814004052581,slow_irregular,45.0,0.16853932584269662,16,1,hamilton_08,citalopram_continuation,HAMILTON
211,1446.0,0.8199381704084443,0.9517083229282514,slow_irregular,98.0,0.4666666666666667,16,1,hamilton_08,citalopram_continuation,HAMILTON
212,1447.0,4.114794790248555,0.6982885467287718,slow_regular,49.0,0.1821561338289963,16,1,hamilton_08,citalopram_continuation,HAMILTON
213,1448.0,1.5612724095485,0.9951933458607363,slow_irregular,39.0,0.15057915057915058,15,1,hamilton_08,citalopram_continuation,HAMILTON
214,1452.0,1.3247343570887222,0.7620046145276341,slow_irregular,21.0,0.08502024291497975,21,1,hamilton_08,citalopram_continuation,HAMILTON
215,1455.0,0.5537698694582778,1.1173360764787266,slow_irregular,22.0,0.09016393442622951,24,1,hamilton_08,citalopram_continuation,HAMILTON
216,1458.0,3.504686123502222,0.4826296387106596,slow_regular,17.0,0.07112970711297072,27,1,hamilton_08,citalopram_continuation,HAMILTON
217,1459.0,3.9640448347625554,0.3233474200617595,slow_regular,17.0,0.07112970711297072,27,1,hamilton_08,citalopram_continuation,HAMILTON
218,1460.0,1.2873034883353331,0.6964794422700031,slow_regular,17.0,0.06995884773662552,27,1,hamilton_08,citalopram_continuation,HAMILTON
219,1461.0,1.6260043774428332,0.5400871402209368,slow_regular,25.0,0.10121457489878542,27,1,hamilton_08,citalopram_continuation,HAMILTON
220,1463.0,1.3052289840139444,0.7709786660372819,slow_irregular,24.0,0.0975609756097561,29,1,hamilton_08,citalopram_continuation,HAMILTON
221,1465.0,2.042992963378611,0.9278899784824093,slow_irregular,45.0,0.16728624535315986,32,1,hamilton_08,citalopram_continuation,HAMILTON
222,1467.0,0.7041154169038889,0.9115412021132443,slow_irregular,43.0,0.16475095785440613,32,1,hamilton_08,citalopram_continuation,HAMILTON
223,1469.0,1.1437770189719445,1.0123496715750124,slow_irregular,49.0,0.1794871794871795,31,1,hamilton_08,citalopram_continuation,HAMILTON
224,1470.0,1.4037817777715,0.7098923349711274,slow_regular,65.0,0.23636363636363636,32,1,hamilton_08,citalopram_continuation,HAMILTON
225,1471.0,3.887796349189222,0.3801149211862519,slow_regular,50.0,0.18248175182481752,1,1,hamilton_08,citalopram_continuation,HAMILTON
226,1474.0,1.6141480998304445,0.6355044882095168,slow_regular,51.0,0.18411552346570398,5,1,hamilton_08,citalopram_continuation,HAMILTON
227,1475.0,0.6254845358397778,0.5708215962621193,slow_regular,64.0,0.22377622377622378,9,1,hamilton_08,citalopram_continuation,HAMILTON
228,1476.0,0.6652571754001111,0.6956367201936037,slow_regular,58.0,0.19594594594594594,10,1,hamilton_08,citalopram_continuation,HAMILTON
229,1479.0,1.3396457049603332,0.9053527457635497,slow_irregular,123.0,0.5565610859728507,9,1,hamilton_08,citalopram_continuation,HAMILTON
230,1480.0,1.0012088691179999,0.8716695210121381,slow_irregular,51.0,0.19245283018867926,11,1,hamilton_08,citalopram_continuation,HAMILTON
231,1481.0,1.3140937421148333,0.9270713264123795,slow_irregular,68.0,0.24113475177304963,8,1,hamilton_08,citalopram_continuation,HAMILTON
232,1482.0,1.5873777948720555,0.6575312560921034,slow_regular,49.0,0.1781818181818182,16,1,hamilton_08,citalopram_continuation,HAMILTON
233,1483.0,0.785316738662,1.0534634007676968,slow_irregular,46.0,0.16911764705882354,4,1,hamilton_08,citalopram_continuation,HAMILTON
234,1485.0,0.7336914173380555,1.1081764755361032,slow_irregular,53.0,0.19133574007220217,10,1,hamilton_08,citalopram_continuation,HAMILTON
235,1486.0,1.3390771129224444,0.6924953426865283,slow_regular,45.0,0.16853932584269662,21,1,hamilton_08,citalopram_continuation,HAMILTON
236,1487.0,2.0541880353375555,0.9623886123477582,slow_irregular,25.0,0.10040160642570281,17,1,hamilton_08,citalopram_continuation,HAMILTON
237,1488.0,0.9461253848318889,1.0503744737643257,slow_irregular,49.0,0.18081180811808117,10,1,hamilton_08,citalopram_continuation,HAMILTON
238,1489.0,0.9189861624539445,0.7875505965076292,slow_irregular,67.0,0.23344947735191637,6,1,hamilton_08,citalopram_continuation,HAMILTON
239,1490.0,0.5589513454501667,0.6779772234981358,slow_regular,42.0,0.15,29,1,hamilton_08,citalopram_continuation,HAMILTON
240,1491.0,1.127675680073,1.0920648652872094,slow_irregular,61.0,0.21554770318021202,11,1,hamilton_08,citalopram_continuation,HAMILTON
241,1493.0,4.459095651825805,0.2765330561959717,slow_regular,73.0,0.25435540069686413,2,1,hamilton_19,chronic_saline,HAMILTON
242,1494.0,7.761874269120755,0.6498825043512897,fast_firing,54.0,0.20930232558139536,4,1,hamilton_19,chronic_saline,HAMILTON
243,1495.0,3.054005372736404,0.37685441482482934,slow_regular,75.0,0.2613240418118467,5,1,hamilton_19,chronic_saline,HAMILTON
244,1496.0,1.8800122150402332,0.40770316620608016,slow_regular,67.0,0.23024054982817868,5,1,hamilton_19,chronic_saline,HAMILTON
245,1497.0,5.1481485057973915,0.3237373248061043,slow_regular,63.0,0.23076923076923078,4,1,hamilton_19,chronic_saline,HAMILTON
246,1498.0,0.7455600887217536,0.5877057879836011,slow_regular,48.0,0.17391304347826086,6,1,hamilton_19,chronic_saline,HAMILTON
247,1499.0,0.628492265227303,0.5001381581230714,slow_regular,46.0,0.17037037037037037,4,1,hamilton_19,chronic_saline,HAMILTON
248,1500.0,3.746878801444784,0.9714091713751067,slow_irregular,38.0,0.15079365079365079,2,1,hamilton_19,chronic_saline,HAMILTON
249,1501.0,0.6293934827357935,0.7789609499171084,slow_irregular,67.0,0.23674911660777384,5,1,hamilton_19,chronic_saline,HAMILTON
250,1502.0,4.734556659224695,0.5999646139979183,slow_regular,63.0,0.21951219512195122,6,1,hamilton_19,chronic_saline,HAMILTON
251,1504.0,8.72796256064545,0.3234857537216853,fast_firing,42.0,0.1590909090909091,11,1,hamilton_19,chronic_saline,HAMILTON
252,1505.0,2.188615781294284,0.3110303840791702,slow_regular,57.0,0.2,8,1,hamilton_19,chronic_saline,HAMILTON
253,1507.0,1.9961705591872363,0.6536205334178299,slow_regular,100.0,0.44642857142857145,6,1,hamilton_19,chronic_saline,HAMILTON
254,1509.0,2.850925355828024,0.6524773416691078,slow_regular,114.0,0.5277777777777778,12,1,hamilton_19,chronic_saline,HAMILTON
255,1510.0,11.706489412029523,0.9549292699751017,fast_firing,41.0,0.155893536121673,10,1,hamilton_19,chronic_saline,HAMILTON
256,1511.0,5.12786618566687,0.7240710140652719,slow_irregular,45.0,0.17110266159695817,15,1,hamilton_19,chronic_saline,HAMILTON
257,1512.0,2.796537055542897,0.5079020750717468,slow_regular,56.0,0.20437956204379562,12,1,hamilton_19,chronic_saline,HAMILTON
258,1513.0,2.5589852330165925,0.3156197765825912,slow_regular,67.0,0.24907063197026022,14,1,hamilton_19,chronic_saline,HAMILTON
259,1514.0,2.7761087683009436,0.6515266304407337,slow_regular,56.0,0.1891891891891892,13,1,hamilton_19,chronic_saline,HAMILTON
260,1515.0,2.311704836280411,0.6738705600449121,slow_regular,133.0,0.5757575757575758,16,1,hamilton_19,chronic_saline,HAMILTON
261,1516.0,1.3839828949907325,0.7893865374080836,slow_irregular,21.0,0.08641975308641975,17,1,hamilton_19,chronic_saline,HAMILTON
262,1517.0,1.8722206655692009,0.9516767047656013,slow_irregular,22.0,0.09016393442622951,17,1,hamilton_19,chronic_saline,HAMILTON
263,1519.0,3.1478790363071583,0.6211210910412948,slow_regular,22.0,0.09322033898305085,21,1,hamilton_19,chronic_saline,HAMILTON
264,1521.0,0.8098783961039402,0.8076594460479642,slow_irregular,22.0,0.088,25,1,hamilton_19,chronic_saline,HAMILTON
265,1523.0,4.633219066054717,0.5955326216554008,slow_regular,27.0,0.10756972111553785,26,1,hamilton_19,chronic_saline,HAMILTON
266,1525.0,2.3307754826268035,0.8705745390381743,slow_irregular,24.0,0.0975609756097561,26,1,hamilton_19,chronic_saline,HAMILTON
267,1526.0,10.044331916315537,0.4995335857645533,fast_firing,23.0,0.09465020576131687,31,1,hamilton_19,chronic_saline,HAMILTON
268,1530.0,0.7927401907931187,0.5139325265320573,slow_regular,113.0,0.5113122171945701,15,1,hamilton_19,chronic_saline,HAMILTON
269,1531.0,1.683171294881354,0.5848379791066255,slow_regular,120.0,0.5357142857142857,16,1,hamilton_19,chronic_saline,HAMILTON
270,1532.0,4.37776432291798,0.19759541370654773,slow_regular,46.0,0.16666666666666666,10,1,hamilton_19,chronic_saline,HAMILTON
271,1533.0,19.207592353664538,0.17279556942489221,fast_firing,13.0,0.05394190871369295,20,1,hamilton_19,chronic_saline,HAMILTON
272,1534.0,32.76322691952103,0.7110296267819782,fast_firing,60.0,0.27522935779816515,20,1,hamilton_19,chronic_saline,HAMILTON
273,1535.0,3.8774451212479466,0.7783549101397588,slow_irregular,20.0,0.08333333333333333,18,1,hamilton_19,chronic_saline,HAMILTON
274,1536.0,7.3682955260651495,0.9168450655369158,slow_irregular,65.0,0.28634361233480177,16,1,hamilton_19,chronic_saline,HAMILTON
275,1537.0,2.8173331213262487,0.6135476562725796,slow_regular,18.0,0.07377049180327869,20,1,hamilton_19,chronic_saline,HAMILTON
276,1538.0,2.594528637130022,0.944145899554329,slow_irregular,23.0,0.09236947791164658,17,1,hamilton_19,chronic_saline,HAMILTON
277,1540.0,3.3240757902064377,0.2740430132640903,slow_regular,60.0,0.20833333333333334,14,1,hamilton_19,chronic_saline,HAMILTON
278,1541.0,4.28892391661021,0.4945996529678988,slow_regular,60.0,0.2112676056338028,6,1,hamilton_19,chronic_saline,HAMILTON
279,1542.0,1.1402163636041067,1.039030364098437,slow_irregular,36.0,0.14285714285714285,31,1,hamilton_19,chronic_saline,HAMILTON
280,1543.0,0.6315465613799667,1.0023654585586312,slow_irregular,21.0,0.08571428571428572,17,1,hamilton_19,chronic_saline,HAMILTON
281,1548.0,0.7461436064588235,0.9833739652330867,slow_irregular,44.0,0.1746031746031746,16,1,hamilton_19,chronic_saline,HAMILTON
282,1550.0,24.900069029160882,0.34348972494496277,fast_firing,36.0,0.14634146341463414,18,1,hamilton_19,chronic_saline,HAMILTON
283,1551.0,15.328613807541785,0.8780541001148444,fast_firing,34.0,0.14166666666666666,4,1,hamilton_19,chronic_saline,HAMILTON
284,1554.0,1.204103308056889,0.6546631122228831,slow_regular,52.0,0.18439716312056736,3,1,hamilton_20,citalopram_continuation,HAMILTON
285,1556.0,2.5658832332841666,0.9201151969618118,slow_irregular,39.0,0.1482889733840304,4,1,hamilton_20,citalopram_continuation,HAMILTON
286,1557.0,3.9641601194511114,0.4332956242789239,slow_regular,22.0,0.0873015873015873,5,1,hamilton_20,citalopram_continuation,HAMILTON
287,1558.0,1.2311980151179445,0.9227650384013898,slow_irregular,34.0,0.1328125,5,1,hamilton_20,citalopram_continuation,HAMILTON
288,1559.0,2.3068070793177777,0.28243863826779103,slow_regular,38.0,0.14393939393939395,6,1,hamilton_20,citalopram_continuation,HAMILTON
289,1560.0,5.237395017644222,0.3581447766337964,slow_regular,29.0,0.11284046692607004,6,1,hamilton_20,citalopram_continuation,HAMILTON
290,1562.0,2.8216309791108336,0.23457035950822755,slow_regular,39.0,0.1471698113207547,8,1,hamilton_20,citalopram_continuation,HAMILTON
291,1563.0,1.418861534127278,0.9515392882174422,slow_irregular,31.0,0.12062256809338522,6,1,hamilton_20,citalopram_continuation,HAMILTON
292,1564.0,1.9726188970512224,0.5973817129948079,slow_regular,55.0,0.19855595667870035,10,1,hamilton_20,citalopram_continuation,HAMILTON
293,1565.0,3.0593938921746666,0.4358074028258643,slow_regular,20.0,0.08064516129032258,11,1,hamilton_20,citalopram_continuation,HAMILTON
294,1568.0,1.136789264497389,0.9821412683544971,slow_irregular,27.0,0.1067193675889328,12,1,hamilton_20,citalopram_continuation,HAMILTON
295,1569.0,3.233873537798056,0.8909942919615406,slow_irregular,38.0,0.14393939393939395,16,1,hamilton_20,citalopram_continuation,HAMILTON
296,1570.0,1.9889411760411668,0.3869350162570652,slow_regular,37.0,0.1417624521072797,15,1,hamilton_20,citalopram_continuation,HAMILTON
297,1572.0,4.876857523228389,0.9172585635734887,slow_irregular,42.0,0.1590909090909091,16,1,hamilton_20,citalopram_continuation,HAMILTON
298,1573.0,5.116209360350611,0.9142482774615435,slow_irregular,47.0,0.17472118959107807,16,1,hamilton_20,citalopram_continuation,HAMILTON
299,1574.0,1.8957192755771666,0.8483344075646085,slow_irregular,22.0,0.08870967741935484,17,1,hamilton_20,citalopram_continuation,HAMILTON
300,1575.0,2.0415233470771668,0.7176080376930817,slow_regular,48.0,0.17777777777777778,18,1,hamilton_20,citalopram_continuation,HAMILTON
301,1577.0,2.2418551378737774,0.43025310827930213,slow_regular,55.0,0.20146520146520147,25,1,hamilton_20,citalopram_continuation,HAMILTON
302,1578.0,0.7541149979385555,0.7338276795076492,slow_irregular,46.0,0.21495327102803738,27,1,hamilton_20,citalopram_continuation,HAMILTON
303,1579.0,0.6174019660274445,0.8284038559444556,slow_irregular,41.0,0.15355805243445692,24,1,hamilton_20,citalopram_continuation,HAMILTON
304,1580.0,0.5393612374619444,1.1117685791424732,slow_irregular,32.0,0.12903225806451613,29,1,hamilton_20,citalopram_continuation,HAMILTON
305,1581.0,4.0494421271157774,0.4239306719189643,slow_regular,16.0,0.06504065040650407,30,1,hamilton_20,citalopram_continuation,HAMILTON
306,1582.0,1.4569796369676111,0.24198088255883513,slow_regular,52.0,0.1897810218978102,31,1,hamilton_20,citalopram_continuation,HAMILTON
307,1584.0,1.3375931595273889,0.8545058611352991,slow_irregular,31.0,0.1225296442687747,5,1,hamilton_20,citalopram_continuation,HAMILTON
308,1585.0,0.7461709635942778,0.4800932060554421,slow_regular,32.0,0.12403100775193798,6,1,hamilton_20,citalopram_continuation,HAMILTON
309,1587.0,1.2060116492933888,0.7645143957333544,slow_irregular,28.0,0.1111111111111111,20,1,hamilton_20,citalopram_continuation,HAMILTON
310,1588.0,0.8576069875407778,0.41104841748345544,slow_regular,46.0,0.1619718309859155,22,1,hamilton_20,citalopram_continuation,HAMILTON
311,1589.0,0.8080787228231667,0.952570933759476,slow_irregular,38.0,0.13768115942028986,30,1,hamilton_20,citalopram_continuation,HAMILTON
312,1590.0,1.2805025030464448,0.2476720352824989,slow_regular,50.0,0.18518518518518517,13,1,hamilton_20,citalopram_continuation,HAMILTON
313,1593.0,1.0954743162716667,0.7607419331160665,slow_irregular,50.0,0.17857142857142858,30,1,hamilton_20,citalopram_continuation,HAMILTON
314,1594.0,1.3661943255609443,0.9631843364723793,slow_irregular,47.0,0.17472118959107807,28,1,hamilton_20,citalopram_continuation,HAMILTON
315,1595.0,0.7882465932113888,1.004694307750247,slow_irregular,35.0,0.13618677042801555,32,1,hamilton_20,citalopram_continuation,HAMILTON
316,1596.0,0.5595847032731667,0.5902472759624537,slow_regular,60.0,0.22388059701492538,29,1,hamilton_20,citalopram_continuation,HAMILTON
317,1598.0,0.6747408662362778,0.362285412967453,slow_regular,52.0,0.18571428571428572,3,1,hamilton_20,citalopram_continuation,HAMILTON
318,1602.0,4.990637584890333,0.9528499528370412,slow_irregular,54.0,0.2125984251968504,10,1,hamilton_20,citalopram_continuation,HAMILTON
319,1603.0,2.8915355621965557,0.4516984406250655,slow_regular,109.0,0.5215311004784688,11,1,hamilton_20,citalopram_continuation,HAMILTON
320,1604.0,2.435866049378944,0.9300868025118874,slow_irregular,40.0,0.15037593984962405,6,1,hamilton_20,citalopram_continuation,HAMILTON
321,1605.0,1.453123519708,0.9743596600900933,slow_irregular,59.0,0.23137254901960785,1,1,hamilton_20,citalopram_continuation,HAMILTON
322,1606.0,1.138830011981111,0.9896749451223481,slow_irregular,40.0,0.15748031496062992,26,1,hamilton_20,citalopram_continuation,HAMILTON
323,1609.0,2.4780064273738334,0.2276509585326921,slow_regular,51.0,0.18021201413427562,16,1,hamilton_20,citalopram_continuation,HAMILTON
324,1610.0,4.967541816667,0.880422410289454,slow_irregular,40.0,0.15151515151515152,2,1,hamilton_20,citalopram_continuation,HAMILTON
325,1611.0,1.1598508787662223,0.4723987575942288,slow_regular,44.0,0.16296296296296298,24,1,hamilton_20,citalopram_continuation,HAMILTON
326,2005.0,2.7508733584647223,0.44306510242735475,slow_regular,85.0,0.2982456140350877,10,1,hamilton_25,citalopram_discontinuation,HAMILTON
327,2009.0,2.197880913506,0.4832777737935793,slow_regular,73.0,0.25259515570934254,14,1,hamilton_25,citalopram_discontinuation,HAMILTON
328,2010.0,2.8911856740243334,0.45517323035258916,slow_regular,71.0,0.23905723905723905,12,1,hamilton_25,citalopram_discontinuation,HAMILTON
329,2014.0,1.8797698336233333,0.6609533366781569,slow_regular,68.0,0.23129251700680273,16,1,hamilton_25,citalopram_discontinuation,HAMILTON
330,2016.0,9.681913958062832,0.6393667611482292,fast_firing,26.0,0.10483870967741936,18,1,hamilton_25,citalopram_discontinuation,HAMILTON
331,2017.0,2.545588489985778,0.7025371821911296,slow_regular,32.0,0.12698412698412698,20,1,hamilton_25,citalopram_discontinuation,HAMILTON
332,2018.0,1.2745631179451669,0.7147767013912696,slow_regular,17.0,0.06995884773662552,22,1,hamilton_25,citalopram_discontinuation,HAMILTON
333,2020.0,10.305483863113166,0.8535693857704985,fast_firing,27.0,0.1067193675889328,25,1,hamilton_25,citalopram_discontinuation,HAMILTON
334,2022.0,16.92274446636011,0.766732088782022,fast_firing,27.0,0.10756972111553785,25,1,hamilton_25,citalopram_discontinuation,HAMILTON
335,2023.0,6.539280647520167,0.8321291156439599,slow_irregular,16.0,0.06611570247933884,29,1,hamilton_25,citalopram_discontinuation,HAMILTON
336,2024.0,1.141193713315889,1.049151745329786,slow_irregular,93.0,0.4449760765550239,31,1,hamilton_25,citalopram_discontinuation,HAMILTON
337,2026.0,3.7000872416180552,0.9731673841546923,slow_irregular,15.0,0.06224066390041494,31,1,hamilton_25,citalopram_discontinuation,HAMILTON
338,2031.0,3.227808651788888,0.6950478385051576,slow_regular,40.0,0.14388489208633093,31,1,hamilton_25,citalopram_discontinuation,HAMILTON
339,2034.0,4.337495608100666,1.0003661496424645,slow_irregular,20.0,0.08264462809917356,32,1,hamilton_25,citalopram_discontinuation,HAMILTON
340,2035.0,4.7149727139305,0.8703118848776886,slow_irregular,22.0,0.088,32,1,hamilton_25,citalopram_discontinuation,HAMILTON
341,2036.0,7.566058075422556,0.7376666357952376,slow_irregular,17.0,0.06995884773662552,32,1,hamilton_25,citalopram_discontinuation,HAMILTON
342,2037.0,4.0666491024401665,0.34180125863732663,slow_regular,48.0,0.17777777777777778,8,1,hamilton_25,citalopram_discontinuation,HAMILTON
343,2038.0,2.718797322434556,0.3718237958878061,slow_regular,66.0,0.22602739726027396,16,1,hamilton_25,citalopram_discontinuation,HAMILTON
344,2041.0,4.728932096720889,0.4964352684537204,slow_regular,68.0,0.3090909090909091,22,1,hamilton_26,citalopram_discontinuation,HAMILTON
345,2047.0,2.1324594540808333,0.7809772183118928,slow_irregular,99.0,0.4604651162790698,22,1,hamilton_26,citalopram_discontinuation,HAMILTON
346,2048.0,4.006653961261667,0.5955385221530208,slow_regular,42.0,0.15671641791044777,27,1,hamilton_26,citalopram_discontinuation,HAMILTON
347,2049.0,10.990641013829778,0.9235052335625957,fast_firing,38.0,0.14393939393939395,25,1,hamilton_26,citalopram_discontinuation,HAMILTON
348,2050.0,6.048783102634111,0.9358923626833512,slow_irregular,55.0,0.20599250936329588,18,1,hamilton_26,citalopram_discontinuation,HAMILTON
349,2052.0,3.9377932217959444,0.9270167054606943,slow_irregular,55.0,0.2,28,1,hamilton_26,citalopram_discontinuation,HAMILTON
350,2053.0,5.778257998332168,0.3642324426347047,slow_regular,45.0,0.15901060070671377,21,1,hamilton_26,citalopram_discontinuation,HAMILTON
351,2055.0,1.761856453282222,0.7618644996907984,slow_irregular,42.0,0.1590909090909091,26,1,hamilton_26,citalopram_discontinuation,HAMILTON
352,2057.0,6.406006639369611,0.2953799727193119,slow_regular,45.0,0.16605166051660517,24,1,hamilton_26,citalopram_discontinuation,HAMILTON
353,2058.0,3.414170329976778,0.7321952147889916,slow_irregular,46.0,0.17037037037037037,29,1,hamilton_26,citalopram_discontinuation,HAMILTON
354,2059.0,4.532432353310445,0.604945880175335,slow_regular,40.0,0.15037593984962405,24,1,hamilton_26,citalopram_discontinuation,HAMILTON
355,2060.0,5.087878205139333,0.3016654113778438,slow_regular,39.0,0.1471698113207547,32,1,hamilton_26,citalopram_discontinuation,HAMILTON
356,2061.0,5.556936292771667,0.5301001407077633,slow_regular,118.0,0.5221238938053098,22,1,hamilton_26,citalopram_discontinuation,HAMILTON
357,2062.0,4.866515990052055,0.7476524075298712,slow_irregular,39.0,0.1482889733840304,26,1,hamilton_26,citalopram_discontinuation,HAMILTON
358,2065.0,2.628129454577444,0.4737602849122071,slow_regular,36.0,0.13533834586466165,25,1,hamilton_26,citalopram_discontinuation,HAMILTON
359,2066.0,2.638593074045167,0.6335071664478507,slow_regular,60.0,0.21428571428571427,30,1,hamilton_26,citalopram_discontinuation,HAMILTON
360,2067.0,1.7257130496221111,0.775753577878352,slow_irregular,37.0,0.13454545454545455,31,1,hamilton_26,citalopram_discontinuation,HAMILTON
361,2069.0,1.7404656401640552,0.7491168877779935,slow_irregular,41.0,0.15471698113207547,27,1,hamilton_26,citalopram_discontinuation,HAMILTON
362,2072.0,0.7719371068197778,1.0162567527905664,slow_irregular,37.0,0.14396887159533073,32,1,hamilton_26,citalopram_discontinuation,HAMILTON
363,2074.0,3.3267668827053885,0.23538557895851253,slow_regular,66.0,0.24087591240875914,26,1,hamilton_26,citalopram_discontinuation,HAMILTON
364,2075.0,6.649473407986,0.8390091217149103,slow_irregular,40.0,0.16,32,1,hamilton_26,citalopram_discontinuation,HAMILTON
365,2076.0,3.4893147342883397,0.24671404939898772,slow_regular,74.0,0.2740740740740741,6,1,hamilton_28,citalopram_discontinuation,HAMILTON
366,2077.0,8.052429120935702,0.7071821048590217,fast_firing,49.0,0.1821561338289963,1,1,hamilton_28,citalopram_discontinuation,HAMILTON
367,2078.0,4.697447960277789,0.5062112937470254,slow_regular,41.0,0.155893536121673,4,1,hamilton_28,citalopram_discontinuation,HAMILTON
368,2079.0,6.353260084511994,0.6700606125824458,slow_irregular,53.0,0.20622568093385213,9,1,hamilton_28,citalopram_discontinuation,HAMILTON
369,2081.0,6.32952578845036,0.7055551547302271,slow_irregular,58.0,0.2013888888888889,6,1,hamilton_28,citalopram_discontinuation,HAMILTON
370,2082.0,7.511636743674347,0.7781683271802948,slow_irregular,25.0,0.099601593625498,9,1,hamilton_28,citalopram_discontinuation,HAMILTON
371,2084.0,2.6328551597992225,0.9552052256366125,slow_irregular,52.0,0.20155038759689922,6,1,hamilton_28,citalopram_discontinuation,HAMILTON
372,2087.0,2.0268416025237648,0.9457295619719427,slow_irregular,52.0,0.18439716312056736,6,1,hamilton_28,citalopram_discontinuation,HAMILTON
373,2091.0,0.7941469011016657,0.9986248513187765,slow_irregular,27.0,0.10843373493975904,9,1,hamilton_28,citalopram_discontinuation,HAMILTON
374,2099.0,0.6280076346245419,0.8583634721600856,slow_irregular,31.0,0.12062256809338522,21,1,hamilton_28,citalopram_discontinuation,HAMILTON
375,2102.0,3.8932748762580793,0.8229061206160829,slow_irregular,31.0,0.11969111969111969,25,1,hamilton_28,citalopram_discontinuation,HAMILTON
376,2104.0,4.766244037526041,0.7721681094835606,slow_irregular,23.0,0.09387755102040816,27,1,hamilton_28,citalopram_discontinuation,HAMILTON
377,2107.0,3.7656960959809553,0.283183052901986,slow_regular,46.0,0.17037037037037037,28,1,hamilton_28,citalopram_discontinuation,HAMILTON
378,2108.0,1.6343409993253195,0.7067123800308861,slow_regular,23.0,0.09236947791164658,28,1,hamilton_28,citalopram_discontinuation,HAMILTON
379,2111.0,6.991325945849695,0.506759988156016,slow_regular,18.0,0.075,32,1,hamilton_28,citalopram_discontinuation,HAMILTON
380,2112.0,1.5604459904019432,0.7178426615067158,slow_regular,22.0,0.09016393442622951,32,1,hamilton_28,citalopram_discontinuation,HAMILTON
381,2120.0,0.594153815794281,0.8991733354679307,slow_irregular,28.0,0.112,25,1,hamilton_28,citalopram_discontinuation,HAMILTON
382,2125.0,1.9248387758709606,0.7120100339707893,slow_regular,18.0,0.0743801652892562,25,1,hamilton_28,citalopram_discontinuation,HAMILTON
383,2126.0,4.063828291547085,0.6508357106907927,slow_regular,21.0,0.08502024291497975,10,1,hamilton_28,citalopram_discontinuation,HAMILTON
384,2127.0,0.9114689703469739,0.8456340658789679,slow_irregular,20.0,0.08130081300813008,13,1,hamilton_28,citalopram_discontinuation,HAMILTON
385,2128.0,2.491531907298168,0.6944807749782458,slow_regular,29.0,0.11836734693877551,21,1,hamilton_28,citalopram_discontinuation,HAMILTON
386,2130.0,4.585349147439533,0.5120355154679664,slow_regular,24.0,0.09523809523809523,27,1,hamilton_28,citalopram_discontinuation,HAMILTON
387,2134.0,1.344640402763389,0.9873387821235091,slow_irregular,39.0,0.1407942238267148,6,1,hamilton_29,citalopram_discontinuation,HAMILTON
388,2135.0,4.381774459518167,0.3921348263622399,slow_regular,45.0,0.16981132075471697,10,1,hamilton_29,citalopram_discontinuation,HAMILTON
389,2137.0,2.1703919099953333,0.629945747007501,slow_regular,90.0,0.39473684210526316,11,1,hamilton_29,citalopram_discontinuation,HAMILTON
390,2138.0,2.106867166308222,0.8571805681803782,slow_irregular,43.0,0.16226415094339622,13,1,hamilton_29,citalopram_discontinuation,HAMILTON
391,2139.0,0.8244545756321666,0.9943767938233056,slow_irregular,27.0,0.10843373493975904,14,1,hamilton_29,citalopram_discontinuation,HAMILTON
392,2144.0,2.063820929624722,0.929806468260104,slow_irregular,35.0,0.13513513513513514,19,1,hamilton_29,citalopram_discontinuation,HAMILTON
393,2147.0,3.765080869199278,0.7391775663135983,slow_irregular,40.0,0.1652892561983471,24,1,hamilton_29,citalopram_discontinuation,HAMILTON
394,2152.0,2.1466297950322777,0.809594896662552,slow_irregular,37.0,0.14285714285714285,24,1,hamilton_29,citalopram_discontinuation,HAMILTON
395,2155.0,3.9787005952620556,0.8897684558661286,slow_irregular,21.0,0.08433734939759036,31,1,hamilton_29,citalopram_discontinuation,HAMILTON
396,2156.0,1.124079488601111,0.6203502046089958,slow_regular,22.0,0.088,31,1,hamilton_29,citalopram_discontinuation,HAMILTON
397,2162.0,3.345571741053333,0.3302173621154875,slow_regular,52.0,0.18705035971223022,32,1,hamilton_29,citalopram_discontinuation,HAMILTON
398,2165.0,2.270970163281167,0.9945915133295509,slow_irregular,34.0,0.13709677419354838,31,1,hamilton_29,citalopram_discontinuation,HAMILTON
399,2170.0,1.006665514131889,1.070006040731061,slow_irregular,20.0,0.08130081300813008,32,1,hamilton_29,citalopram_discontinuation,HAMILTON
400,2173.0,0.6191917847179444,0.9979553683878227,slow_irregular,31.0,0.1308016877637131,32,1,hamilton_29,citalopram_discontinuation,HAMILTON
401,2174.0,0.6688980877916112,0.9845888917313903,slow_irregular,43.0,0.15985130111524162,32,1,hamilton_29,citalopram_discontinuation,HAMILTON
402,2176.0,3.073947352700389,0.49019759963659293,slow_regular,41.0,0.14695340501792115,22,1,hamilton_29,citalopram_discontinuation,HAMILTON
403,2177.0,3.188530701912611,0.8405748830416466,slow_irregular,45.0,0.16728624535315986,16,1,hamilton_29,citalopram_discontinuation,HAMILTON
404,2178.0,1.8392314475580003,0.9505992366700637,slow_irregular,51.0,0.24170616113744076,32,1,hamilton_29,citalopram_discontinuation,HAMILTON
405,2180.0,1.8889134405025,0.7389364670351857,slow_irregular,15.0,0.061224489795918366,20,1,hamilton_29,citalopram_discontinuation,HAMILTON
406,2181.0,0.6341192743382222,1.004615208107984,slow_irregular,39.0,0.14942528735632185,5,1,hamilton_29,citalopram_discontinuation,HAMILTON
407,2183.0,7.2244065566456666,0.4560706858544102,slow_regular,16.0,0.06504065040650407,24,1,hamilton_29,citalopram_discontinuation,HAMILTON
408,2184.0,4.533829193569612,0.7836919748698314,slow_irregular,18.0,0.07317073170731707,31,1,hamilton_29,citalopram_discontinuation,HAMILTON
409,2185.0,2.09423240151,0.9032583179627206,slow_irregular,40.0,0.16260162601626016,22,1,hamilton_29,citalopram_discontinuation,HAMILTON
410,2186.0,3.397175883286611,0.5066397102130018,slow_regular,52.0,0.19548872180451127,6,1,hamilton_29,citalopram_discontinuation,HAMILTON
411,2187.0,0.6621225518567222,0.9667096941940998,slow_irregular,33.0,0.12643678160919541,10,1,hamilton_29,citalopram_discontinuation,HAMILTON
412,2188.0,0.9810003387962222,0.7837386637783711,slow_irregular,64.0,0.2689075630252101,10,1,hamilton_29,citalopram_discontinuation,HAMILTON
413,2189.0,1.6190012188581664,0.9705200537770516,slow_irregular,40.0,0.1652892561983471,14,1,hamilton_29,citalopram_discontinuation,HAMILTON
414,2191.0,4.715440800084889,0.5177839604383754,slow_regular,47.0,0.17472118959107807,24,1,hamilton_29,citalopram_discontinuation,HAMILTON
415,2192.0,3.5443261512774997,0.8518414082804964,slow_irregular,21.0,0.08502024291497975,30,1,hamilton_29,citalopram_discontinuation,HAMILTON
416,2193.0,1.290420668717768,0.7641461825083768,slow_irregular,33.0,0.12643678160919541,1,1,hamilton_30,citalopram_discontinuation,HAMILTON
417,2198.0,0.8788682289379234,0.9566665783362807,slow_irregular,42.0,0.16153846153846155,5,1,hamilton_30,citalopram_discontinuation,HAMILTON
418,2200.0,0.5220028239607442,1.1610568613846575,slow_irregular,38.0,0.14728682170542637,8,1,hamilton_30,citalopram_discontinuation,HAMILTON
419,2202.0,4.557546143403498,0.36391841372679373,slow_regular,82.0,0.3253968253968254,8,1,hamilton_30,citalopram_discontinuation,HAMILTON
420,2208.0,2.5668490997737923,0.7913295532364835,slow_irregular,34.0,0.125,9,1,hamilton_30,citalopram_discontinuation,HAMILTON
421,2211.0,1.9744123935237092,0.9184091976017237,slow_irregular,49.0,0.18352059925093633,9,1,hamilton_30,citalopram_discontinuation,HAMILTON
422,2212.0,1.7744036576808437,0.7346284539020781,slow_irregular,48.0,0.17777777777777778,11,1,hamilton_30,citalopram_discontinuation,HAMILTON
423,2213.0,4.390154951861355,0.5116516711403921,slow_regular,85.0,0.3497942386831276,13,1,hamilton_30,citalopram_discontinuation,HAMILTON
424,2214.0,2.9104213740402,0.7499595939969007,slow_irregular,42.0,0.1640625,13,1,hamilton_30,citalopram_discontinuation,HAMILTON
425,2217.0,2.095755435393337,0.8389494624824179,slow_irregular,42.0,0.16153846153846155,13,1,hamilton_30,citalopram_discontinuation,HAMILTON
426,2220.0,1.3931598895442534,0.8070708248695243,slow_irregular,88.0,0.30344827586206896,12,1,hamilton_30,citalopram_discontinuation,HAMILTON
427,2222.0,1.6322170662979458,0.42795050439841903,slow_regular,62.0,0.2152777777777778,12,1,hamilton_30,citalopram_discontinuation,HAMILTON
428,2225.0,2.3082654267795113,0.8039392743490817,slow_irregular,90.0,0.41284403669724773,14,1,hamilton_30,citalopram_discontinuation,HAMILTON
429,2233.0,2.9133638028031092,0.7557153013127157,slow_irregular,53.0,0.20948616600790515,16,1,hamilton_30,citalopram_discontinuation,HAMILTON
430,2235.0,2.006252626630372,0.8973046823220574,slow_irregular,19.0,0.07755102040816327,21,1,hamilton_30,citalopram_discontinuation,HAMILTON
431,2236.0,1.1864409644892835,0.9541469804230193,slow_irregular,22.0,0.08943089430894309,21,1,hamilton_30,citalopram_discontinuation,HAMILTON
432,2241.0,3.0426408807854526,0.6687564520936701,slow_regular,22.0,0.0873015873015873,25,1,hamilton_30,citalopram_discontinuation,HAMILTON
433,2242.0,3.7228968739040535,0.5740567774422601,slow_regular,34.0,0.14166666666666666,23,1,hamilton_30,citalopram_discontinuation,HAMILTON
434,2244.0,0.7444132195345363,0.9985311980989752,slow_irregular,27.0,0.10843373493975904,24,1,hamilton_30,citalopram_discontinuation,HAMILTON
435,2246.0,4.751042474141199,0.5904042425982661,slow_regular,29.0,0.11372549019607843,24,1,hamilton_30,citalopram_discontinuation,HAMILTON
436,2247.0,0.9878753574568573,0.7557565922072768,slow_irregular,19.0,0.07392996108949416,22,1,hamilton_30,citalopram_discontinuation,HAMILTON
437,2248.0,2.446446123565464,0.7217198461517327,slow_regular,24.0,0.0967741935483871,27,1,hamilton_30,citalopram_discontinuation,HAMILTON
438,2249.0,3.913612936964853,0.6155437493414484,slow_regular,40.0,0.15503875968992248,30,1,hamilton_30,citalopram_discontinuation,HAMILTON
439,2250.0,2.080869816804053,0.8669509103386754,slow_irregular,37.0,0.14396887159533073,30,1,hamilton_30,citalopram_discontinuation,HAMILTON
440,2251.0,2.383854309877124,0.8536639160302025,slow_irregular,18.0,0.07258064516129033,30,1,hamilton_30,citalopram_discontinuation,HAMILTON
441,2252.0,1.8906321118137146,0.772825358525301,slow_irregular,42.0,0.16153846153846155,30,1,hamilton_30,citalopram_discontinuation,HAMILTON
442,2254.0,2.6463639333576903,0.6598527021203612,slow_regular,13.0,0.053497942386831275,31,1,hamilton_30,citalopram_discontinuation,HAMILTON
443,2260.0,6.334285436792948,0.5483693356691621,slow_regular,18.0,0.07258064516129033,30,1,hamilton_30,citalopram_discontinuation,HAMILTON
444,2266.0,2.099898261642199,0.9794566485752079,slow_irregular,42.0,0.17073170731707318,32,1,hamilton_30,citalopram_discontinuation,HAMILTON
445,2270.0,0.9460059292433648,0.9580218904144386,slow_irregular,21.0,0.08300395256916997,32,1,hamilton_30,citalopram_discontinuation,HAMILTON
446,2271.0,3.220199148000611,0.5865959364672759,slow_regular,25.0,0.10040160642570281,32,1,hamilton_30,citalopram_discontinuation,HAMILTON
447,2278.0,3.1224075331283174,0.7072883125139962,slow_regular,21.0,0.08502024291497975,21,1,hamilton_30,citalopram_discontinuation,HAMILTON
448,2279.0,5.3525622718955574,0.6036856836873459,slow_regular,23.0,0.08812260536398467,24,1,hamilton_30,citalopram_discontinuation,HAMILTON
449,2280.0,2.807159542363909,0.5006859397193875,slow_regular,55.0,0.19434628975265017,29,1,hamilton_30,citalopram_discontinuation,HAMILTON
450,2282.0,4.512689390362354,0.452389118017361,slow_regular,26.0,0.104,27,1,hamilton_30,citalopram_discontinuation,HAMILTON
451,2283.0,2.980776075937757,0.5189841356394396,slow_regular,59.0,0.20848056537102475,14,1,hamilton_30,citalopram_discontinuation,HAMILTON
452,2284.0,2.743508291412271,0.9004742167037753,slow_irregular,28.0,0.11570247933884298,28,1,hamilton_30,citalopram_discontinuation,HAMILTON
453,2285.0,3.5024879597204888,0.30823574778093704,slow_regular,34.0,0.13178294573643412,20,1,hamilton_30,citalopram_discontinuation,HAMILTON
454,2286.0,2.457451196159411,0.2721896665630437,slow_regular,42.0,0.14893617021276595,13,1,hamilton_30,citalopram_discontinuation,HAMILTON
455,2287.0,1.718969342610994,0.6407390705530386,slow_regular,42.0,0.15789473684210525,16,1,hamilton_30,citalopram_discontinuation,HAMILTON
456,1077.0,0.0037298511937222225,1.3399592078498834,no_baseline,50.0,0.17482517482517482,19,1,hamilton_01,chronic_saline,HAMILTON
457,1080.0,0.007257085793000001,0.6047266288269958,no_baseline,74.0,0.24183006535947713,21,1,hamilton_01,chronic_saline,HAMILTON
458,1088.0,0.11628348321216958,0.9197992267235209,no_baseline,34.0,0.1297709923664122,16,1,hamilton_02,citalopram_continuation,HAMILTON
459,1089.0,0.008334136422466961,1.2703772044928807,no_baseline,122.0,0.3505747126436782,4,1,hamilton_02,citalopram_continuation,HAMILTON
460,1095.0,0.10515838225781939,0.7388809142831445,no_baseline,32.0,0.12307692307692308,20,1,hamilton_02,citalopram_continuation,HAMILTON
461,1096.0,0.02637388140825991,0.9039889867239396,no_baseline,31.0,0.12350597609561753,30,1,hamilton_02,citalopram_continuation,HAMILTON
462,1099.0,0.07068823760881057,1.0427248420548951,no_baseline,23.0,0.09163346613545817,20,1,hamilton_02,citalopram_continuation,HAMILTON
463,1102.0,0.0474887146099119,0.6003811697889674,no_baseline,58.0,0.20422535211267606,18,1,hamilton_02,citalopram_continuation,HAMILTON
464,1103.0,0.003259065649008811,1.6617467430686872,no_baseline,130.0,0.3869047619047619,4,1,hamilton_02,citalopram_continuation,HAMILTON
465,1104.0,0.007979522949559472,1.3361124939622773,no_baseline,22.0,0.08661417322834646,17,1,hamilton_02,citalopram_continuation,HAMILTON
466,1106.0,0.11734566302648677,0.39816794622453033,no_baseline,43.0,0.16602316602316602,22,1,hamilton_02,citalopram_continuation,HAMILTON
467,1108.0,0.0022026431719713658,1.4845758035786203,no_baseline,130.0,0.4482758620689655,4,1,hamilton_02,citalopram_continuation,HAMILTON
468,1109.0,0.0016519823790198237,1.5416397995734823,no_baseline,133.0,0.3970149253731343,4,1,hamilton_02,citalopram_continuation,HAMILTON
469,1110.0,0.040633410697962564,0.84999253192016,no_baseline,116.0,0.32044198895027626,2,1,hamilton_02,citalopram_continuation,HAMILTON
470,1118.0,0.40954125151761117,1.0101275461109704,no_baseline,37.0,0.14859437751004015,27,1,hamilton_12,citalopram_discontinuation,HAMILTON
471,1128.0,0.12563581479227778,0.9779381225916901,no_baseline,23.0,0.09236947791164658,28,1,hamilton_12,citalopram_discontinuation,HAMILTON
472,1133.0,0.05992105601072222,1.0956357887937294,no_baseline,73.0,0.37435897435897436,27,1,hamilton_12,citalopram_discontinuation,HAMILTON
473,1134.0,0.4051036285336111,0.9810316363079612,no_baseline,85.0,0.43147208121827413,18,1,hamilton_12,citalopram_discontinuation,HAMILTON
474,1140.0,0.45577115860005557,1.0631535091138467,no_baseline,50.0,0.22123893805309736,29,1,hamilton_12,citalopram_discontinuation,HAMILTON
475,1156.0,0.0028401904935861683,,no_baseline,60.0,0.2112676056338028,26,1,hamilton_13,chronic_saline,HAMILTON
476,1157.0,0.12552558925856108,1.0731830748745972,no_baseline,42.0,0.15789473684210525,28,1,hamilton_13,chronic_saline,HAMILTON
477,1158.0,0.008781604549470162,,no_baseline,53.0,0.1872791519434629,10,1,hamilton_13,chronic_saline,HAMILTON
478,1159.0,0.02311290820206358,1.4627604453399035,no_baseline,36.0,0.13846153846153847,6,1,hamilton_13,chronic_saline,HAMILTON
479,1165.0,0.04621237303405555,1.1154278221996297,no_baseline,115.0,0.5251141552511416,32,1,hamilton_14,citalopram_continuation,HAMILTON
480,1170.0,0.13611475844105556,1.1782992274919073,no_baseline,104.0,0.4369747899159664,21,1,hamilton_14,citalopram_continuation,HAMILTON
481,1171.0,0.1136320902433889,1.0297617734040911,no_baseline,136.0,0.5619834710743802,22,1,hamilton_14,citalopram_continuation,HAMILTON
482,1172.0,0.1989397050053889,0.8656303592725767,no_baseline,87.0,0.3210332103321033,28,1,hamilton_14,citalopram_continuation,HAMILTON
483,1174.0,0.1863871623495,1.0508166891406734,no_baseline,83.0,0.28135593220338984,30,1,hamilton_14,citalopram_continuation,HAMILTON
484,1177.0,0.017777777777944447,1.1695619983309304,no_baseline,19.0,0.07692307692307693,17,1,hamilton_05,citalopram_discontinuation,HAMILTON
485,1181.0,1.1170114440538335,1.2830942513918422,no_baseline,23.0,0.09163346613545817,31,1,hamilton_05,citalopram_discontinuation,HAMILTON
486,1185.0,0.01086827206470914,1.7031994026821167,no_baseline,120.0,0.33519553072625696,14,1,hamilton_17,citalopram_discontinuation,HAMILTON
487,1187.0,0.46870375610149584,1.0961865331202847,no_baseline,38.0,0.1450381679389313,22,1,hamilton_17,citalopram_discontinuation,HAMILTON
488,1188.0,0.2742369228372299,1.0376087445927376,no_baseline,84.0,0.23204419889502761,23,1,hamilton_17,citalopram_discontinuation,HAMILTON
489,1199.0,0.07046751314160665,1.1101861175347638,no_baseline,43.0,0.1575091575091575,32,1,hamilton_17,citalopram_discontinuation,HAMILTON
490,1203.0,0.4303154168134072,1.0579580630021888,no_baseline,41.0,0.155893536121673,21,1,hamilton_17,citalopram_discontinuation,HAMILTON
491,1213.0,0.007210043183324099,1.276294824487582,no_baseline,52.0,0.18309859154929578,24,1,hamilton_17,citalopram_discontinuation,HAMILTON
492,1218.0,0.004395170736454294,1.8960728940810003,no_baseline,49.0,0.17073170731707318,17,1,hamilton_17,citalopram_discontinuation,HAMILTON
493,1245.0,0.3663614280813889,1.0893472500048762,no_baseline,33.0,0.12941176470588237,29,1,hamilton_18,citalopram_discontinuation,HAMILTON
494,1246.0,0.1428921282425,0.983528588519404,no_baseline,35.0,0.13513513513513514,10,1,hamilton_18,citalopram_discontinuation,HAMILTON
495,1247.0,0.3095522631256111,0.5409288886652089,no_baseline,52.0,0.1897810218978102,1,1,hamilton_23,citalopram_continuation,HAMILTON
496,1251.0,0.4828601794167777,1.0134640844191691,no_baseline,57.0,0.1919191919191919,2,1,hamilton_23,citalopram_continuation,HAMILTON
497,1254.0,0.0016923786887777777,0.885057559245382,no_baseline,47.0,0.16725978647686832,5,1,hamilton_23,citalopram_continuation,HAMILTON
498,1255.0,0.4672751668581111,0.5441956079067586,no_baseline,49.0,0.1781818181818182,5,1,hamilton_23,citalopram_continuation,HAMILTON
499,1258.0,0.07134188242455555,1.1407012615160983,no_baseline,59.0,0.14081145584725538,19,1,hamilton_23,citalopram_continuation,HAMILTON
500,1260.0,0.02103628514661111,0.9467137134676535,no_baseline,95.0,0.3877551020408163,5,1,hamilton_23,citalopram_continuation,HAMILTON
501,1263.0,0.46862421252122216,0.8399561071908807,no_baseline,39.0,0.1407942238267148,10,1,hamilton_23,citalopram_continuation,HAMILTON
502,1271.0,0.03197141777727778,0.9034486639199412,no_baseline,69.0,0.23875432525951557,12,1,hamilton_23,citalopram_continuation,HAMILTON
503,1278.0,0.02943779933005556,1.0798914415258327,no_baseline,135.0,0.5555555555555556,14,1,hamilton_23,citalopram_continuation,HAMILTON
504,1279.0,0.008590670316,1.21250889153446,no_baseline,38.0,0.14960629921259844,13,1,hamilton_23,citalopram_continuation,HAMILTON
505,1281.0,0.39642322254994444,1.1657767740614653,no_baseline,21.0,0.08571428571428572,15,1,hamilton_23,citalopram_continuation,HAMILTON
506,1282.0,0.08780838414394444,1.020682422623534,no_baseline,68.0,0.22077922077922077,19,1,hamilton_23,citalopram_continuation,HAMILTON
507,1286.0,0.009515124953722223,1.0323590545106498,no_baseline,119.0,0.33903133903133903,32,1,hamilton_23,citalopram_continuation,HAMILTON
508,1288.0,0.22440797301455553,0.8748357302056483,no_baseline,54.0,0.19014084507042253,18,1,hamilton_23,citalopram_continuation,HAMILTON
509,1291.0,0.12685680014433334,1.1505669636813995,no_baseline,43.0,0.16226415094339622,22,1,hamilton_23,citalopram_continuation,HAMILTON
510,1293.0,0.0861733290775,0.9128613698250785,no_baseline,118.0,0.48360655737704916,21,1,hamilton_23,citalopram_continuation,HAMILTON
511,1296.0,0.2817765078665,1.0787747317462903,no_baseline,53.0,0.19133574007220217,26,1,hamilton_23,citalopram_continuation,HAMILTON
512,1305.0,0.4602713469213333,1.02344642076606,no_baseline,47.0,0.17343173431734318,28,1,hamilton_23,citalopram_continuation,HAMILTON
513,1306.0,0.1680366333456111,0.9828924204691104,no_baseline,64.0,0.2318840579710145,31,1,hamilton_23,citalopram_continuation,HAMILTON
514,1310.0,0.10476899738905554,0.8419442599241506,no_baseline,67.0,0.22112211221122113,24,1,hamilton_23,citalopram_continuation,HAMILTON
515,1311.0,0.028961708666944443,1.1491312949061565,no_baseline,105.0,0.44680851063829785,8,1,hamilton_23,citalopram_continuation,HAMILTON
516,1320.0,0.4105701541531111,0.4831604964776385,no_baseline,38.0,0.13768115942028986,5,1,hamilton_23,citalopram_continuation,HAMILTON
517,1323.0,0.2051212864922778,0.9718752440065062,no_baseline,59.0,0.2099644128113879,21,1,hamilton_23,citalopram_continuation,HAMILTON
518,1325.0,0.05523698837666668,0.7563004720178713,no_baseline,31.0,0.12062256809338522,11,1,hamilton_23,citalopram_continuation,HAMILTON
519,1326.0,0.24032036097661114,0.8641723349830602,no_baseline,50.0,0.1893939393939394,4,1,hamilton_23,citalopram_continuation,HAMILTON
520,1327.0,0.3367711354069444,0.7536543003011436,no_baseline,61.0,0.2026578073089701,29,1,hamilton_23,citalopram_continuation,HAMILTON
521,1334.0,0.4214825811801667,0.6023110877479582,no_baseline,83.0,0.3472803347280335,22,1,hamilton_23,citalopram_continuation,HAMILTON
522,1335.0,0.009259475684944446,0.9981816138078016,no_baseline,72.0,0.2975206611570248,5,1,hamilton_23,citalopram_continuation,HAMILTON
523,1337.0,0.21431045149822223,1.0490641905622824,no_baseline,55.0,0.20146520146520147,3,1,hamilton_23,citalopram_continuation,HAMILTON
524,1340.0,0.21758012789861111,0.975841576949565,no_baseline,47.0,0.17343173431734318,31,1,hamilton_23,citalopram_continuation,HAMILTON
525,1346.0,0.05993243105333333,1.0901841445938762,no_baseline,56.0,0.19718309859154928,26,1,hamilton_23,citalopram_continuation,HAMILTON
526,1348.0,0.022307970350333335,0.9251794975364287,no_baseline,48.0,0.17777777777777778,26,1,hamilton_23,citalopram_continuation,HAMILTON
527,1351.0,0.007083200410333333,1.2364054837441207,no_baseline,42.0,0.16535433070866143,1,1,hamilton_07,chronic_saline,HAMILTON
528,1352.0,0.003242224256166666,1.1003213922264627,no_baseline,59.0,0.2554112554112554,24,1,hamilton_07,chronic_saline,HAMILTON
529,1358.0,0.47211028700066665,1.0237394623326448,no_baseline,29.0,0.11646586345381527,9,1,hamilton_07,chronic_saline,HAMILTON
530,1360.0,0.047995395490333326,0.9998022309170744,no_baseline,72.0,0.3130434782608696,24,1,hamilton_07,chronic_saline,HAMILTON
531,1365.0,0.03674857183033334,0.96641102220423,no_baseline,65.0,0.28634361233480177,24,1,hamilton_07,chronic_saline,HAMILTON
532,1375.0,0.002664099791,0.8771259746626531,no_baseline,58.0,0.24369747899159663,24,1,hamilton_07,chronic_saline,HAMILTON
533,1390.0,0.028674819450888896,0.8555501790129646,no_baseline,121.0,0.510548523206751,12,1,hamilton_07,chronic_saline,HAMILTON
534,1396.0,5.3968680985192785,1.5826125240658167,no_baseline,78.0,0.2422360248447205,3,1,hamilton_07,chronic_saline,HAMILTON
535,1402.0,0.025522013829055556,1.2724698144190074,no_baseline,51.0,0.18545454545454546,12,1,hamilton_07,chronic_saline,HAMILTON
536,1404.0,0.014971904387333335,0.8741818940869949,no_baseline,37.0,0.13653136531365315,24,1,hamilton_07,chronic_saline,HAMILTON
537,1411.0,0.138813348511,1.2064860209771415,no_baseline,76.0,0.25675675675675674,13,1,hamilton_07,chronic_saline,HAMILTON
538,1412.0,4.318189233291555,1.6428903377786501,no_baseline,62.0,0.2198581560283688,11,1,hamilton_07,chronic_saline,HAMILTON
539,1414.0,0.2034676244441111,0.7199911548332134,no_baseline,112.0,0.5045045045045045,3,1,hamilton_08,citalopram_continuation,HAMILTON
540,1419.0,0.17447814676744447,0.7356914486137321,no_baseline,73.0,0.2347266881028939,3,1,hamilton_08,citalopram_continuation,HAMILTON
541,1421.0,0.035128585835388894,1.1816756440707394,no_baseline,45.0,0.10392609699769054,24,1,hamilton_08,citalopram_continuation,HAMILTON
542,1422.0,0.2998127758538889,1.1075601757511997,no_baseline,63.0,0.20930232558139536,5,1,hamilton_08,citalopram_continuation,HAMILTON
543,1423.0,0.09738522113811111,0.8873070137655773,no_baseline,117.0,0.5294117647058824,3,1,hamilton_08,citalopram_continuation,HAMILTON
544,1424.0,0.3941352270466666,0.6309191582544028,no_baseline,98.0,0.4049586776859504,3,1,hamilton_08,citalopram_continuation,HAMILTON
545,1429.0,0.018557617835333332,1.0551689208986974,no_baseline,51.0,0.11943793911007025,24,1,hamilton_08,citalopram_continuation,HAMILTON
546,1438.0,0.2534331858994444,0.6059450042286554,no_baseline,76.0,0.2814814814814815,14,1,hamilton_08,citalopram_continuation,HAMILTON
547,1442.0,0.42192370796788886,0.6466493842293984,no_baseline,50.0,0.1865671641791045,16,1,hamilton_08,citalopram_continuation,HAMILTON
548,1445.0,0.37164267381327765,0.5586597543549011,no_baseline,46.0,0.17164179104477612,16,1,hamilton_08,citalopram_continuation,HAMILTON
549,1449.0,0.3048547154557222,0.7641808037429694,no_baseline,39.0,0.1471698113207547,16,1,hamilton_08,citalopram_continuation,HAMILTON
550,1466.0,0.0964255227266111,0.7738328847984639,no_baseline,94.0,0.24479166666666666,24,1,hamilton_08,citalopram_continuation,HAMILTON
551,1468.0,0.017474095121111113,1.0100854903528282,no_baseline,69.0,0.3942857142857143,27,1,hamilton_08,citalopram_continuation,HAMILTON
552,1472.0,0.14763980146855557,0.6289084812033056,no_baseline,116.0,0.5178571428571429,2,1,hamilton_08,citalopram_continuation,HAMILTON
553,1473.0,0.05279580138455556,0.824487000586452,no_baseline,44.0,0.15602836879432624,3,1,hamilton_08,citalopram_continuation,HAMILTON
554,1477.0,0.3481416917491111,0.7666240872541286,no_baseline,55.0,0.19572953736654805,2,1,hamilton_08,citalopram_continuation,HAMILTON
555,1478.0,0.010974877909277777,1.107914201989472,no_baseline,103.0,0.29014084507042254,24,1,hamilton_08,citalopram_continuation,HAMILTON
556,1484.0,0.3231127203262778,0.9884199592507591,no_baseline,50.0,0.18115942028985507,10,1,hamilton_08,citalopram_continuation,HAMILTON
557,1492.0,0.004513205096166668,1.7493356952768806,no_baseline,14.0,0.058823529411764705,23,1,hamilton_08,citalopram_continuation,HAMILTON
558,1503.0,0.32116349271026634,1.0841415302620876,no_baseline,59.0,0.19865319865319866,6,1,hamilton_19,chronic_saline,HAMILTON
559,1522.0,0.25951142595749166,0.9187935896930566,no_baseline,14.0,0.05785123966942149,24,1,hamilton_19,chronic_saline,HAMILTON
560,1524.0,0.07742200211459489,1.1781928847488454,no_baseline,48.0,0.22018348623853212,28,1,hamilton_19,chronic_saline,HAMILTON
561,1527.0,0.2269769386973363,0.7935446569970456,no_baseline,14.0,0.05737704918032787,31,1,hamilton_19,chronic_saline,HAMILTON
562,1528.0,0.01784948108862375,1.195939180789117,no_baseline,72.0,0.23684210526315788,32,1,hamilton_19,chronic_saline,HAMILTON
563,1529.0,0.2980916905185349,0.6320162235308044,no_baseline,47.0,0.16607773851590105,4,1,hamilton_19,chronic_saline,HAMILTON
564,1544.0,0.6077410053798001,1.2063008925051406,no_baseline,19.0,0.07755102040816327,30,1,hamilton_19,chronic_saline,HAMILTON
565,1545.0,0.0025933328314095452,0.7830102648468533,no_baseline,12.0,0.049586776859504134,26,1,hamilton_19,chronic_saline,HAMILTON
566,1547.0,0.34648556946304104,0.6776329857406223,no_baseline,50.0,0.17482517482517482,4,1,hamilton_19,chronic_saline,HAMILTON
567,1552.0,0.2607218303584351,1.1222715506092735,no_baseline,101.0,0.4488888888888889,4,1,hamilton_19,chronic_saline,HAMILTON
568,1553.0,0.20029723458973364,1.0893383789095397,no_baseline,18.0,0.07563025210084033,27,1,hamilton_19,chronic_saline,HAMILTON
569,1567.0,0.4529996732493333,1.0103129007935576,no_baseline,26.0,0.10483870967741936,12,1,hamilton_20,citalopram_continuation,HAMILTON
570,1571.0,0.002024281173722222,0.5957352835882075,no_baseline,121.0,0.3389355742296919,32,1,hamilton_20,citalopram_continuation,HAMILTON
571,1576.0,0.009440190347333335,1.2831308121540916,no_baseline,121.0,0.3389355742296919,32,1,hamilton_20,citalopram_continuation,HAMILTON
572,1586.0,0.6630437193290556,1.284231939244984,no_baseline,25.0,0.099601593625498,14,1,hamilton_20,citalopram_continuation,HAMILTON
573,1592.0,0.45346940249550005,1.1952582154740305,no_baseline,47.0,0.1649122807017544,5,1,hamilton_20,citalopram_continuation,HAMILTON
574,1597.0,0.021355833471111113,0.8686230585225581,no_baseline,22.0,0.088,16,1,hamilton_20,citalopram_continuation,HAMILTON
575,1599.0,0.46612137807427784,0.5604841544392324,no_baseline,25.0,0.09803921568627451,14,1,hamilton_20,citalopram_continuation,HAMILTON
576,1600.0,0.16001628042955557,1.122538848387831,no_baseline,41.0,0.15471698113207547,2,1,hamilton_20,citalopram_continuation,HAMILTON
577,1608.0,0.03215028788872222,0.6809197608030317,no_baseline,27.0,0.10588235294117647,14,1,hamilton_20,citalopram_continuation,HAMILTON
578,2004.0,0.3315305236148889,1.033868340439278,no_baseline,34.0,0.13076923076923078,1,1,hamilton_25,citalopram_discontinuation,HAMILTON
579,2006.0,0.36472922158950005,1.0156076049321197,no_baseline,22.0,0.1,13,1,hamilton_25,citalopram_discontinuation,HAMILTON
580,2019.0,0.1356222959777222,0.995765683352185,no_baseline,20.0,0.08064516129032258,22,1,hamilton_25,citalopram_discontinuation,HAMILTON
581,2021.0,0.053425544562444444,1.2837236712164228,no_baseline,61.0,0.14628297362110312,15,1,hamilton_25,citalopram_discontinuation,HAMILTON
582,2029.0,0.2398271890803889,1.0688273742760324,no_baseline,16.0,0.07142857142857142,31,1,hamilton_25,citalopram_discontinuation,HAMILTON
583,2073.0,0.061124749990444434,1.0467806679562783,no_baseline,48.0,0.1875,31,1,hamilton_26,citalopram_discontinuation,HAMILTON
584,2080.0,0.035595203887506935,1.0788094241256982,no_baseline,124.0,0.3502824858757062,26,1,hamilton_28,citalopram_discontinuation,HAMILTON
585,2083.0,0.44798860468367574,1.0874427345255815,no_baseline,30.0,0.11811023622047244,5,1,hamilton_28,citalopram_discontinuation,HAMILTON
586,2101.0,0.3205845796418656,0.7410059738514221,no_baseline,21.0,0.08571428571428572,22,1,hamilton_28,citalopram_discontinuation,HAMILTON
587,2103.0,0.2992294467859522,0.7252816696673904,no_baseline,20.0,0.08064516129032258,22,1,hamilton_28,citalopram_discontinuation,HAMILTON
588,2105.0,0.0017373740574125488,,no_baseline,72.0,0.3956043956043956,12,1,hamilton_28,citalopram_discontinuation,HAMILTON
589,2106.0,0.20030676583020543,0.8761257112975185,no_baseline,83.0,0.43915343915343913,12,1,hamilton_28,citalopram_discontinuation,HAMILTON
590,2118.0,0.36651833062826206,1.0364357965668605,no_baseline,42.0,0.1640625,1,1,hamilton_28,citalopram_discontinuation,HAMILTON
591,2119.0,0.44598282503936704,0.8585225967477669,no_baseline,55.0,0.19855595667870035,14,1,hamilton_28,citalopram_discontinuation,HAMILTON
592,2122.0,0.0007776137213770129,,no_baseline,125.0,0.3561253561253561,26,1,hamilton_28,citalopram_discontinuation,HAMILTON
593,2123.0,0.1312799305656302,1.354663653901122,no_baseline,40.0,0.14925373134328357,24,1,hamilton_28,citalopram_discontinuation,HAMILTON
594,2136.0,0.4920895897991666,1.0251019573162172,no_baseline,22.0,0.09090909090909091,28,1,hamilton_29,citalopram_discontinuation,HAMILTON
595,2166.0,0.23642261663744446,0.8360245827606334,no_baseline,78.0,0.4148936170212766,32,1,hamilton_29,citalopram_discontinuation,HAMILTON
596,2172.0,0.2618645586686667,1.0465244065581532,no_baseline,33.0,0.12840466926070038,32,1,hamilton_29,citalopram_discontinuation,HAMILTON
597,2182.0,0.0012671137712777778,,no_baseline,39.0,0.15294117647058825,20,1,hamilton_29,citalopram_discontinuation,HAMILTON
598,2190.0,0.803414476502,1.294684189635671,no_baseline,53.0,0.19133574007220217,32,1,hamilton_29,citalopram_discontinuation,HAMILTON
599,2194.0,0.4110332701687396,1.008012860394205,no_baseline,49.0,0.19215686274509805,3,1,hamilton_30,citalopram_discontinuation,HAMILTON
600,2195.0,0.4202480035115492,1.0239024730676,no_baseline,70.0,0.22727272727272727,16,1,hamilton_30,citalopram_discontinuation,HAMILTON
601,2237.0,0.09784839069428096,0.9635025757017467,no_baseline,21.0,0.08433734939759036,21,1,hamilton_30,citalopram_discontinuation,HAMILTON
602,2239.0,0.138721790068573,0.9547729851180803,no_baseline,37.0,0.13454545454545455,23,1,hamilton_30,citalopram_discontinuation,HAMILTON
603,2243.0,0.422588396133759,0.8258044081487497,no_baseline,23.0,0.09163346613545817,24,1,hamilton_30,citalopram_discontinuation,HAMILTON
604,2253.0,0.10817998198995002,0.9401816415395157,no_baseline,16.0,0.06504065040650407,27,1,hamilton_30,citalopram_discontinuation,HAMILTON
605,2257.0,0.10674193051443644,1.1548634483260702,no_baseline,48.0,0.18181818181818182,32,1,hamilton_30,citalopram_discontinuation,HAMILTON
606,2276.0,0.2999585632571349,1.0719910669004975,no_baseline,46.0,0.17424242424242425,32,1,hamilton_30,citalopram_discontinuation,HAMILTON
607,2281.0,0.4503411644797335,0.9867717713228282,no_baseline,57.0,0.2425531914893617,16,1,hamilton_30,citalopram_discontinuation,HAMILTON
608,1147.0,,,no_baseline,,,26,1,hamilton_13,chronic_saline,HAMILTON
609,1155.0,,,no_baseline,,,2,1,hamilton_13,chronic_saline,HAMILTON
610,1161.0,,,no_baseline,,,26,1,hamilton_13,chronic_saline,HAMILTON
611,1162.0,,,no_baseline,,,16,1,hamilton_13,chronic_saline,HAMILTON
612,1164.0,,,no_baseline,,,26,1,hamilton_13,chronic_saline,HAMILTON
613,1189.0,,,no_baseline,,,23,1,hamilton_17,citalopram_discontinuation,HAMILTON
614,1249.0,,,no_baseline,,,3,1,hamilton_23,citalopram_continuation,HAMILTON
615,1409.0,,,no_baseline,,,24,1,hamilton_07,chronic_saline,HAMILTON
616,1456.0,,,no_baseline,,,29,1,hamilton_08,citalopram_continuation,HAMILTON
617,1549.0,,,no_baseline,,,31,1,hamilton_19,chronic_saline,HAMILTON
618,1601.0,,,no_baseline,,,5,1,hamilton_20,citalopram_continuation,HAMILTON
619,2042.0,,,no_baseline,,,17,1,hamilton_26,citalopram_discontinuation,HAMILTON
620,2071.0,,,no_baseline,,,26,1,hamilton_26,citalopram_discontinuation,HAMILTON
621,2124.0,,,no_baseline,,,20,1,hamilton_28,citalopram_discontinuation,HAMILTON
