neuron_1,neuron_2,pearson_r,p,session_name
1081,1085,-0.15018139277328063,0.0995,hamilton_01
1100,1107,-0.23078598765839442,0.0,hamilton_02
1100,1111,-0.2025787547543881,0.0,hamilton_02
1107,1111,0.3195047877716193,0.0,hamilton_02
1127,1129,-0.9174259950142024,0.0,hamilton_12
1127,1141,0.14049708464174193,0.0,hamilton_12
1127,1142,-0.10407235756813055,0.00075,hamilton_12
1129,1141,-0.05161794235349006,0.3545,hamilton_12
1129,1142,0.12745579555258832,0.0,hamilton_12
1141,1142,-0.05917424024075488,0.0438,hamilton_12
1143,1148,-0.41514934392777736,0.0,hamilton_13
1143,1151,0.0025647494607149296,1.815,hamilton_13
1143,1152,0.0829543464783566,0.0011111111111111111,hamilton_13
1143,1154,-0.254533615332661,0.0,hamilton_13
1148,1151,0.17241308525938992,0.0,hamilton_13
1148,1152,0.1438661308027055,0.0,hamilton_13
1148,1154,0.30276255390598916,0.0,hamilton_13
1151,1152,0.43315686000705894,0.0,hamilton_13
1151,1154,0.28958619861520446,0.0,hamilton_13
1152,1154,0.3164895857679808,0.0,hamilton_13
1166,1173,-0.01991697602816711,0.768,hamilton_14
1166,1175,0.08753549668258857,0.0,hamilton_14
1173,1175,0.3381560388644557,0.0,hamilton_14
1176,1178,-0.1475625895778395,0.0,hamilton_05
1176,1179,0.33846735133118233,0.0,hamilton_05
1176,1182,0.13825023768706005,0.0,hamilton_05
1176,1183,-0.7762810987987926,0.0,hamilton_05
1178,1179,0.13656048385078637,0.0,hamilton_05
1178,1182,0.2615787168342405,0.0,hamilton_05
1178,1183,0.3212378636148421,0.0,hamilton_05
1179,1182,0.3635738028580667,0.0,hamilton_05
1179,1183,-0.17092201498668558,0.0,hamilton_05
1182,1183,0.006645308972677384,1.6515,hamilton_05
1184,1219,-0.0009388840120110446,1.934,hamilton_17
1221,1222,0.05741220655506889,0.030333333333333334,hamilton_18
1221,1224,-0.2528108077107522,0.0,hamilton_18
1221,1233,0.3940519859382621,0.0,hamilton_18
1221,1234,-0.20425064720524103,0.0,hamilton_18
1221,1236,0.48102239051871537,0.0,hamilton_18
1221,1242,0.37079764843983637,0.0,hamilton_18
1222,1224,-0.47327390388927215,0.0,hamilton_18
1222,1233,0.14444176969441094,0.0,hamilton_18
1222,1234,-0.656536496820278,0.0,hamilton_18
1222,1236,-0.013791573682143055,1.1905,hamilton_18
1222,1242,0.5120865787461686,0.0,hamilton_18
1224,1233,-0.04600674759738455,0.13755,hamilton_18
1224,1234,0.5588971062611571,0.0,hamilton_18
1224,1236,-0.08610939681243351,0.0,hamilton_18
1224,1242,-0.5416006797403209,0.0,hamilton_18
1233,1234,-0.1251096564589882,0.0,hamilton_18
1233,1236,0.5767079535216034,0.0,hamilton_18
1233,1242,0.2447340237898672,0.0,hamilton_18
1234,1236,-0.052138668367180056,0.09947368421052633,hamilton_18
1234,1242,-0.6831233476197145,0.0,hamilton_18
1236,1242,0.26295232835044585,0.0,hamilton_18
1261,1264,0.04229626698175222,0.15496323529411768,hamilton_23
1261,1265,-0.26096738265472175,0.0,hamilton_23
1261,1267,0.5742423114829728,0.0,hamilton_23
1261,1269,0.6652045339743845,0.0,hamilton_23
1261,1274,0.2078116172484925,0.0,hamilton_23
1261,1276,0.19597104376872437,0.0,hamilton_23
1261,1280,0.38587040008837775,0.0,hamilton_23
1261,1284,0.6484850339268107,0.0,hamilton_23
1261,1285,0.5660947005386816,0.0,hamilton_23
1261,1292,-0.14292907703938967,0.0,hamilton_23
1261,1301,-0.17263691602929956,0.0,hamilton_23
1261,1304,-0.3302657603608177,0.0,hamilton_23
1261,1312,0.5941952661373219,0.0,hamilton_23
1261,1315,0.5587906356927801,0.0,hamilton_23
1261,1316,-0.03461921447448052,0.32065217391304346,hamilton_23
1261,1317,-0.28472542739317436,0.0,hamilton_23
1261,1321,0.49704769043556435,0.0,hamilton_23
1261,1322,-0.3718422456777388,0.0,hamilton_23
1261,1328,-0.164691871801584,0.0,hamilton_23
1261,1329,-0.48299026615264146,0.0,hamilton_23
1261,1331,0.5948377680372308,0.0,hamilton_23
1261,1336,-0.18245920416158798,0.0,hamilton_23
1261,1341,0.2436277564789418,0.0,hamilton_23
1261,1344,0.445369463259906,0.0,hamilton_23
1264,1265,0.29446589135910783,0.0,hamilton_23
1264,1267,0.06359363249353467,0.014285714285714285,hamilton_23
1264,1269,-0.04164839920978066,0.15714285714285714,hamilton_23
1264,1274,0.23765822930223793,0.0,hamilton_23
1264,1276,0.14553947646966,0.0,hamilton_23
1264,1280,-0.08865847442666706,0.0006329113924050633,hamilton_23
1264,1284,0.13131917834338788,0.0,hamilton_23
1264,1285,0.17771330472397265,0.0,hamilton_23
1264,1292,0.016118195860581407,1.0167820069204152,hamilton_23
1264,1301,0.25795234531028227,0.0,hamilton_23
1264,1304,0.0792698793457773,0.0,hamilton_23
1264,1312,-0.0624712294381776,0.0218503937007874,hamilton_23
1264,1315,-0.11525067074860035,0.0,hamilton_23
1264,1316,0.12929862527265357,0.0,hamilton_23
1264,1317,0.27130016795474743,0.0,hamilton_23
1264,1321,-0.002998203640003333,1.841638795986622,hamilton_23
1264,1322,0.22788081790104978,0.0,hamilton_23
1264,1328,0.28873325953442674,0.0,hamilton_23
1264,1329,0.24442860583146223,0.0,hamilton_23
1264,1331,0.049090670890158214,0.08636363636363636,hamilton_23
1264,1336,0.16887260057112743,0.0,hamilton_23
1264,1341,0.08914579551718586,0.0006329113924050633,hamilton_23
1264,1344,-0.007395934840248207,1.5233108108108109,hamilton_23
1265,1267,-0.1311254425712441,0.0,hamilton_23
1265,1269,-0.20719116449107614,0.0,hamilton_23
1265,1274,0.1829065619956571,0.0,hamilton_23
1265,1276,0.07365426660834441,0.005465587044534412,hamilton_23
1265,1280,-0.05695554691598049,0.04096153846153845,hamilton_23
1265,1284,-0.023980000049137796,0.7432291666666667,hamilton_23
1265,1285,-0.07432647669947176,0.0030737704918032786,hamilton_23
1265,1292,0.08583019089720344,0.0006329113924050633,hamilton_23
1265,1301,0.2449296663760093,0.0,hamilton_23
1265,1304,0.18710641896066293,0.0,hamilton_23
1265,1312,-0.2182048966301656,0.0,hamilton_23
1265,1315,-0.16198298911339223,0.0,hamilton_23
1265,1316,-0.03170396995891304,0.37956989247311823,hamilton_23
1265,1317,0.4996448567219115,0.0,hamilton_23
1265,1321,-0.18264968784988062,0.0,hamilton_23
1265,1322,0.4001129750238549,0.0,hamilton_23
1265,1328,0.35671670639566466,0.0,hamilton_23
1265,1329,0.48906547588310656,0.0,hamilton_23
1265,1331,-0.204213352413235,0.0,hamilton_23
1265,1336,0.006703924589462799,1.5944444444444446,hamilton_23
1265,1341,0.11060172630869382,0.0,hamilton_23
1265,1344,-0.07422541390825033,0.007258064516129033,hamilton_23
1267,1269,0.5797947275507555,0.0,hamilton_23
1267,1274,0.2541405542945575,0.0,hamilton_23
1267,1276,0.15916315429419556,0.0,hamilton_23
1267,1280,0.3787243875285212,0.0,hamilton_23
1267,1284,0.5070964732492388,0.0,hamilton_23
1267,1285,0.4145187392467886,0.0,hamilton_23
1267,1292,-0.1250926384831026,0.0,hamilton_23
1267,1301,-0.11522910015403419,0.0,hamilton_23
1267,1304,-0.2491485772363848,0.0,hamilton_23
1267,1312,0.5304828175912838,0.0,hamilton_23
1267,1315,0.49833318291223666,0.0,hamilton_23
1267,1316,-0.04441606813272839,0.1348880597014925,hamilton_23
1267,1317,-0.13735721515798577,0.0,hamilton_23
1267,1321,0.39167996335588423,0.0,hamilton_23
1267,1322,-0.22756758705666155,0.0,hamilton_23
1267,1328,-0.0472308583253375,0.08773584905660377,hamilton_23
1267,1329,-0.3138078866732439,0.0,hamilton_23
1267,1331,0.4634625185736882,0.0,hamilton_23
1267,1336,-0.23478928143458544,0.0,hamilton_23
1267,1341,0.1853315698965859,0.0,hamilton_23
1267,1344,0.43233128445536056,0.0,hamilton_23
1269,1274,0.3779314692470849,0.0,hamilton_23
1269,1276,0.23756575525981616,0.0,hamilton_23
1269,1280,0.5496517704328485,0.0,hamilton_23
1269,1284,0.6871143154662332,0.0,hamilton_23
1269,1285,0.4946271098695179,0.0,hamilton_23
1269,1292,-0.1278317451319732,0.0,hamilton_23
1269,1301,-0.20790449843426553,0.0,hamilton_23
1269,1304,-0.3542536947542692,0.0,hamilton_23
1269,1312,0.7657985979086508,0.0,hamilton_23
1269,1315,0.7456505116599125,0.0,hamilton_23
1269,1316,-0.14290863789878674,0.0,hamilton_23
1269,1317,-0.13199764781583287,0.0,hamilton_23
1269,1321,0.5443650107062887,0.0,hamilton_23
1269,1322,-0.2736802343883673,0.0,hamilton_23
1269,1328,-0.0781052704530375,0.0,hamilton_23
1269,1329,-0.30742719522166706,0.0,hamilton_23
1269,1331,0.5073503418702879,0.0,hamilton_23
1269,1336,-0.4365926484061855,0.0,hamilton_23
1269,1341,0.3942064713140226,0.0,hamilton_23
1269,1344,0.5776745160461377,0.0,hamilton_23
1274,1276,0.15863793506077836,0.0,hamilton_23
1274,1280,0.2735775165912529,0.0,hamilton_23
1274,1284,0.2871471729417895,0.0,hamilton_23
1274,1285,0.2061187625851663,0.0,hamilton_23
1274,1292,-0.0032615652718461785,1.7944630872483223,hamilton_23
1274,1301,0.09875337112446003,0.0,hamilton_23
1274,1304,0.08854740738774419,0.0012552301255230125,hamilton_23
1274,1312,0.2585069397675899,0.0,hamilton_23
1274,1315,0.26444621357641807,0.0,hamilton_23
1274,1316,-0.014005347363109029,1.1244863013698632,hamilton_23
1274,1317,0.31517398612470987,0.0,hamilton_23
1274,1321,0.14765108392934526,0.0,hamilton_23
1274,1322,0.1629415598246272,0.0,hamilton_23
1274,1328,0.2449596632285104,0.0,hamilton_23
1274,1329,0.1867545652773225,0.0,hamilton_23
1274,1331,0.10964875925225223,0.0,hamilton_23
1274,1336,-0.16271308534691825,0.0,hamilton_23
1274,1341,0.18958384923956148,0.0,hamilton_23
1274,1344,0.2578378039087513,0.0,hamilton_23
1276,1280,0.21459508434584443,0.0,hamilton_23
1276,1284,0.34630564571142497,0.0,hamilton_23
1276,1285,0.24896899448905904,0.0,hamilton_23
1276,1292,0.02527247905656658,0.6163157894736842,hamilton_23
1276,1301,0.03342077110865392,0.360431654676259,hamilton_23
1276,1304,-0.07564725944555539,0.0030737704918032786,hamilton_23
1276,1312,0.11933969822930542,0.0,hamilton_23
1276,1315,0.17374351087471226,0.0,hamilton_23
1276,1316,-0.0620694392604297,0.02134387351778656,hamilton_23
1276,1317,0.14868609694446652,0.0,hamilton_23
1276,1321,0.22461604684167866,0.0,hamilton_23
1276,1322,0.04945690774648817,0.08612167300380227,hamilton_23
1276,1328,0.08839683788331965,0.0,hamilton_23
1276,1329,0.02276353524423137,0.7055749128919862,hamilton_23
1276,1331,0.23303056762641872,0.0,hamilton_23
1276,1336,-0.0746133307192938,0.011354581673306774,hamilton_23
1276,1341,0.2777572912039023,0.0,hamilton_23
1276,1344,0.06023190730312435,0.15221402214022142,hamilton_23
1280,1284,0.4426342721382976,0.0,hamilton_23
1280,1285,0.2650632427701849,0.0,hamilton_23
1280,1292,-0.05715094725000842,0.03443579766536965,hamilton_23
1280,1301,-0.08386320671268484,0.0006329113924050633,hamilton_23
1280,1304,-0.16891885985209146,0.0,hamilton_23
1280,1312,0.48542730688693453,0.0,hamilton_23
1280,1315,0.5473597206484041,0.0,hamilton_23
1280,1316,-0.12646627599253984,0.0,hamilton_23
1280,1317,0.026302391937951742,0.5794014084507042,hamilton_23
1280,1321,0.3426806083673393,0.0,hamilton_23
1280,1322,-0.11480078087452211,0.0,hamilton_23
1280,1328,0.015028819093592868,1.0556701030927833,hamilton_23
1280,1329,-0.11509432295963151,0.0,hamilton_23
1280,1331,0.3310744292446834,0.0,hamilton_23
1280,1336,-0.35800482144743817,0.0,hamilton_23
1280,1341,0.1978705832114626,0.0,hamilton_23
1280,1344,0.3519682801486052,0.0,hamilton_23
1284,1285,0.7953246895789281,0.0,hamilton_23
1284,1292,-0.13612794655357136,0.0,hamilton_23
1284,1301,-0.10002545100570175,0.0,hamilton_23
1284,1304,-0.36440612672819406,0.0,hamilton_23
1284,1312,0.5645819111444655,0.0,hamilton_23
1284,1315,0.5704609451006213,0.0,hamilton_23
1284,1316,-0.09516821195775946,0.0006329113924050633,hamilton_23
1284,1317,-0.0365729898515517,0.33140794223826714,hamilton_23
1284,1321,0.48742109570227254,0.0,hamilton_23
1284,1322,-0.16898231204836556,0.0,hamilton_23
1284,1328,-0.009693006706901377,1.3591525423728814,hamilton_23
1284,1329,-0.22658067843807428,0.0,hamilton_23
1284,1331,0.42619956911885143,0.0,hamilton_23
1284,1336,-0.21478928923927443,0.0,hamilton_23
1284,1341,0.40047225893994476,0.0,hamilton_23
1284,1344,0.43880889599475975,0.0,hamilton_23
1285,1292,-0.12029525937484595,0.0,hamilton_23
1285,1301,-0.09670702647377515,0.0,hamilton_23
1285,1304,-0.3049110102482471,0.0,hamilton_23
1285,1312,0.39284158767436095,0.0,hamilton_23
1285,1315,0.3759921871670544,0.0,hamilton_23
1285,1316,-0.04380802635252683,0.16040145985401458,hamilton_23
1285,1317,-0.12803981385225774,0.0,hamilton_23
1285,1321,0.3546107129769994,0.0,hamilton_23
1285,1322,-0.1944690696796738,0.0,hamilton_23
1285,1328,-0.07427642665532663,0.0030737704918032786,hamilton_23
1285,1329,-0.27191161386765894,0.0,hamilton_23
1285,1331,0.3706106354169245,0.0,hamilton_23
1285,1336,-0.09181343881403553,0.0012552301255230125,hamilton_23
1285,1341,0.2731112827618073,0.0,hamilton_23
1285,1344,0.3196352801428333,0.0,hamilton_23
1292,1301,0.09699918742460927,0.0,hamilton_23
1292,1304,0.0786991886113494,0.0024896265560165978,hamilton_23
1292,1312,-0.08081839402692946,0.0,hamilton_23
1292,1315,-0.0884998415246258,0.0,hamilton_23
1292,1316,0.10975965929495722,0.0,hamilton_23
1292,1317,0.10681774484993026,0.0006329113924050633,hamilton_23
1292,1321,-0.10443205264449526,0.0,hamilton_23
1292,1322,0.09392681454016164,0.0,hamilton_23
1292,1328,0.07735891163529719,0.0024896265560165978,hamilton_23
1292,1329,0.1322707118410725,0.0,hamilton_23
1292,1331,-0.042289624127133205,0.1421933085501859,hamilton_23
1292,1336,0.051850507402966005,0.04597701149425287,hamilton_23
1292,1341,0.012865108407631297,1.167857142857143,hamilton_23
1292,1344,-0.17158783154754145,0.0,hamilton_23
1301,1304,0.22245174134028853,0.0,hamilton_23
1301,1312,-0.19218255497989759,0.0,hamilton_23
1301,1315,-0.1426953274438543,0.0,hamilton_23
1301,1316,0.13336502179188842,0.0,hamilton_23
1301,1317,0.27685501343686314,0.0,hamilton_23
1301,1321,-0.1822285736180922,0.0,hamilton_23
1301,1322,0.28976565363912904,0.0,hamilton_23
1301,1328,0.27006053855314427,0.0,hamilton_23
1301,1329,0.31281748053599695,0.0,hamilton_23
1301,1331,-0.12791127206842623,0.0,hamilton_23
1301,1336,0.05358642477487693,0.026953124999999998,hamilton_23
1301,1341,-0.014780527140590981,1.048448275862069,hamilton_23
1301,1344,-0.19013879069331605,0.0,hamilton_23
1304,1312,-0.32481171600476755,0.0,hamilton_23
1304,1315,-0.25787404579662343,0.0,hamilton_23
1304,1316,-0.02890400477462159,0.5026595744680851,hamilton_23
1304,1317,0.3235921886036719,0.0,hamilton_23
1304,1321,-0.26422243773485515,0.0,hamilton_23
1304,1322,0.34977133014509376,0.0,hamilton_23
1304,1328,0.26244480184904684,0.0,hamilton_23
1304,1329,0.41425355888694976,0.0,hamilton_23
1304,1331,-0.2613388867627151,0.0,hamilton_23
1304,1336,0.0896056945623777,0.0036585365853658534,hamilton_23
1304,1341,-0.1343386621754997,0.0,hamilton_23
1304,1344,-0.21415575198706793,0.0,hamilton_23
1312,1315,0.7125738089778224,0.0,hamilton_23
1312,1316,-0.06217748454419708,0.03996138996138996,hamilton_23
1312,1317,-0.16369859370173748,0.0,hamilton_23
1312,1321,0.4866044264321931,0.0,hamilton_23
1312,1322,-0.23986847319416524,0.0,hamilton_23
1312,1328,-0.06046602390613376,0.010799999999999999,hamilton_23
1312,1329,-0.29218075361681217,0.0,hamilton_23
1312,1331,0.4671174237225538,0.0,hamilton_23
1312,1336,-0.5427002778824227,0.0,hamilton_23
1312,1341,0.18812351381969014,0.0,hamilton_23
1312,1344,0.48700902495842013,0.0,hamilton_23
1315,1316,-0.15913089828968166,0.0,hamilton_23
1315,1317,-0.06664639524271085,0.03662790697674419,hamilton_23
1315,1321,0.4611409305217705,0.0,hamilton_23
1315,1322,-0.20404989608965288,0.0,hamilton_23
1315,1328,-0.03335343427483874,0.23727272727272725,hamilton_23
1315,1329,-0.2202490004842857,0.0,hamilton_23
1315,1331,0.463438105910776,0.0,hamilton_23
1315,1336,-0.6875645790893978,0.0,hamilton_23
1315,1341,0.2512926636306478,0.0,hamilton_23
1315,1344,0.45068380321929064,0.0,hamilton_23
1316,1317,-0.04795757550363484,0.10056179775280899,hamilton_23
1316,1321,-0.09991031978015061,0.0,hamilton_23
1316,1322,0.06742269290894959,0.010240963855421689,hamilton_23
1316,1328,0.08720124786091552,0.0006329113924050633,hamilton_23
1316,1329,0.05312102234512336,0.06469465648854962,hamilton_23
1316,1331,-0.07839246569045163,0.0036585365853658534,hamilton_23
1316,1336,0.1253291704296706,0.0,hamilton_23
1316,1341,-0.1118373235961063,0.0,hamilton_23
1316,1344,-0.24777944539682734,0.0,hamilton_23
1317,1321,-0.16631026764248813,0.0,hamilton_23
1317,1322,0.5314733029688222,0.0,hamilton_23
1317,1328,0.4706629457633135,0.0,hamilton_23
1317,1329,0.5932945107358836,0.0,hamilton_23
1317,1331,-0.2457989241014962,0.0,hamilton_23
1317,1336,-0.035077723816416266,0.37982142857142853,hamilton_23
1317,1341,0.10082528972928742,0.0,hamilton_23
1317,1344,-0.09439354421372212,0.0,hamilton_23
1321,1322,-0.22379383421388613,0.0,hamilton_23
1321,1328,-0.09194808317441888,0.0,hamilton_23
1321,1329,-0.29977086628845384,0.0,hamilton_23
1321,1331,0.40143981882763774,0.0,hamilton_23
1321,1336,-0.19823414955967442,0.0,hamilton_23
1321,1341,0.20907627082206665,0.0,hamilton_23
1321,1344,0.32397023897375715,0.0,hamilton_23
1322,1328,0.41765700317544024,0.0,hamilton_23
1322,1329,0.6051472529399469,0.0,hamilton_23
1322,1331,-0.34490575708688076,0.0,hamilton_23
1322,1336,0.04954477414927895,0.09360902255639099,hamilton_23
1322,1341,-0.02760852867757374,0.5332155477031802,hamilton_23
1322,1344,-0.16302376219566495,0.0,hamilton_23
1328,1329,0.510248243541387,0.0,hamilton_23
1328,1331,-0.13793704820932765,0.0,hamilton_23
1328,1336,-0.055022346078351866,0.026953124999999998,hamilton_23
1328,1341,0.0012716712853817031,1.8955,hamilton_23
1328,1344,-0.04022906993712595,0.14555555555555558,hamilton_23
1329,1331,-0.3994286494454112,0.0,hamilton_23
1329,1336,0.014376233280551542,1.1513651877133106,hamilton_23
1329,1341,-0.03156524805403632,0.4040925266903914,hamilton_23
1329,1344,-0.19445418773826548,0.0,hamilton_23
1331,1336,-0.17650113713702864,0.0,hamilton_23
1331,1341,0.18430802553376557,0.0,hamilton_23
1331,1344,0.3103206935003806,0.0,hamilton_23
1336,1341,-0.03595753532686555,0.6256993006993007,hamilton_23
1336,1344,-0.27140039232118385,0.0,hamilton_23
1341,1344,0.14986567064615963,0.0,hamilton_23
1355,1356,0.36599971496438016,0.0,hamilton_07
1355,1361,-0.27450838707367714,0.0,hamilton_07
1355,1363,-0.01819331996580876,0.8528625000000001,hamilton_07
1355,1364,-0.008896181008668192,1.3353545454545455,hamilton_07
1355,1366,-0.1633957894690577,0.0,hamilton_07
1355,1371,0.3218465097743144,0.0,hamilton_07
1355,1372,-0.27033918736230356,0.0,hamilton_07
1355,1378,0.08468381545271357,0.0,hamilton_07
1355,1385,-0.21838008690427707,0.0,hamilton_07
1355,1389,0.17461602098939458,0.0,hamilton_07
1355,1392,0.20541831657421883,0.0,hamilton_07
1355,1393,-0.5524996196404769,0.0,hamilton_07
1355,1394,-0.046757422541947195,0.04046564885496183,hamilton_07
1355,1397,0.3081926376629976,0.002192307692307692,hamilton_07
1355,1401,0.017433746467511068,1.2845853658536586,hamilton_07
1355,1403,-0.30086002975827075,0.0,hamilton_07
1355,1407,-0.29637450663548065,0.0,hamilton_07
1355,1408,-0.35643140407358054,0.0,hamilton_07
1356,1361,-0.00569478673321795,1.6382410714285713,hamilton_07
1356,1363,0.14228400580647457,0.0,hamilton_07
1356,1364,0.05985967532966391,0.0320625,hamilton_07
1356,1366,-0.11866574147094014,0.0,hamilton_07
1356,1371,-0.12008184126868778,0.0,hamilton_07
1356,1372,-0.01338909740347681,1.2249722222222224,hamilton_07
1356,1378,0.100307964570647,0.0,hamilton_07
1356,1385,-0.16113218451880137,0.0,hamilton_07
1356,1389,0.08415602567642615,0.0007633928571428571,hamilton_07
1356,1392,0.24278768359791897,0.0,hamilton_07
1356,1393,-0.17891690268044044,0.0,hamilton_07
1356,1394,0.09392287548852607,0.0,hamilton_07
1356,1397,-0.009387902413307597,1.4380481927710842,hamilton_07
1356,1401,-0.2608323099692001,0.0,hamilton_07
1356,1403,-0.12406600690265475,0.0,hamilton_07
1356,1407,-0.12362665159920519,0.0,hamilton_07
1356,1408,-0.06551102473854176,0.019306451612903227,hamilton_07
1361,1363,0.07828024413449129,0.002192307692307692,hamilton_07
1361,1364,0.04905428820126463,0.09038571428571429,hamilton_07
1361,1366,0.23504502115197637,0.0,hamilton_07
1361,1371,-0.34949561178408745,0.0,hamilton_07
1361,1372,0.5998082888570638,0.0,hamilton_07
1361,1378,0.05739094710607163,0.04080681818181818,hamilton_07
1361,1385,0.263259101212064,0.0,hamilton_07
1361,1389,0.13191413246779718,0.0,hamilton_07
1361,1392,-0.036364997494365656,0.27131999999999995,hamilton_07
1361,1393,0.5120181507779772,0.0,hamilton_07
1361,1394,0.11951191046813978,0.0,hamilton_07
1361,1397,-0.6001556004692417,0.0,hamilton_07
1361,1401,-0.03329977619748741,0.3312417218543046,hamilton_07
1361,1403,0.2966151824832562,0.0,hamilton_07
1361,1407,0.22483458658025668,0.0,hamilton_07
1361,1408,0.42656165809192587,0.0,hamilton_07
1363,1364,0.044316498243574004,0.14947552447552448,hamilton_07
1363,1366,0.2128808995838792,0.0,hamilton_07
1363,1371,-0.08659118480560725,0.0,hamilton_07
1363,1372,0.09111745341637732,0.0,hamilton_07
1363,1378,-0.037703317924330224,0.266255033557047,hamilton_07
1363,1385,-0.10166169544050846,0.0,hamilton_07
1363,1389,0.23625754871076646,0.0,hamilton_07
1363,1392,0.04091079850363113,0.20048275862068965,hamilton_07
1363,1393,0.06798728586029708,0.007837499999999999,hamilton_07
1363,1394,0.02213045817673977,0.7645987261146496,hamilton_07
1363,1397,-0.21350727769350497,0.0,hamilton_07
1363,1401,0.09939159031983319,0.0,hamilton_07
1363,1403,0.04587842061610272,0.1029612676056338,hamilton_07
1363,1407,0.027388738109292602,0.46525324675324675,hamilton_07
1363,1408,0.1348169455411862,0.0,hamilton_07
1364,1366,-0.003033132784635511,1.812,hamilton_07
1364,1371,-0.017986467911503715,0.8162830188679245,hamilton_07
1364,1372,0.10557472461136783,0.0,hamilton_07
1364,1378,0.06427522195173975,0.019836000000000003,hamilton_07
1364,1385,0.07079714316711364,0.008479338842975206,hamilton_07
1364,1389,-0.06411164787562328,0.018073170731707316,hamilton_07
1364,1392,0.10103369322205277,0.0,hamilton_07
1364,1393,0.09492117864281067,0.0,hamilton_07
1364,1394,0.03855756277783595,0.2524285714285714,hamilton_07
1364,1397,-0.03318130039159482,0.23834589041095888,hamilton_07
1364,1401,-0.17310684196623097,0.0,hamilton_07
1364,1403,0.10509638490032486,0.0,hamilton_07
1364,1407,0.10664034596874321,0.0,hamilton_07
1364,1408,0.0674821202556096,0.0014869565217391306,hamilton_07
1366,1371,-0.10149263680627513,0.0,hamilton_07
1366,1372,0.22677044504503852,0.0,hamilton_07
1366,1378,-0.10535904620839487,0.0,hamilton_07
1366,1385,0.09611828102791346,0.0007633928571428571,hamilton_07
1366,1389,0.2855339513741679,0.0,hamilton_07
1366,1392,-0.09978377596666747,0.0,hamilton_07
1366,1393,0.2100490731287344,0.0,hamilton_07
1366,1394,-0.0529121658154727,0.08116304347826087,hamilton_07
1366,1397,-0.29679745729065893,0.0,hamilton_07
1366,1401,0.31254434869164543,0.0,hamilton_07
1366,1403,0.1593024758686986,0.0,hamilton_07
1366,1407,0.08507895656741139,0.0,hamilton_07
1366,1408,0.1697112739055033,0.0,hamilton_07
1371,1372,-0.3410633074531449,0.0,hamilton_07
1371,1378,-0.029646200058284618,0.343125,hamilton_07
1371,1385,-0.06471368778520639,0.02035714285714286,hamilton_07
1371,1389,-0.028152796327908982,0.6357692307692308,hamilton_07
1371,1392,0.055542214681624326,0.04114285714285715,hamilton_07
1371,1393,-0.5888711793185615,0.0,hamilton_07
1371,1394,-0.16307488542598647,0.0,hamilton_07
1371,1397,0.45093215905587647,0.0,hamilton_07
1371,1401,-0.008358681368469649,1.6382410714285713,hamilton_07
1371,1403,-0.28274253606237154,0.0,hamilton_07
1371,1407,-0.3174326064968231,0.0,hamilton_07
1371,1408,-0.5430109355389693,0.0,hamilton_07
1372,1378,0.13399473961705216,0.0,hamilton_07
1372,1385,0.3530893144312868,0.0,hamilton_07
1372,1389,0.02239095856881225,0.8041329113924051,hamilton_07
1372,1392,-0.03111619712071272,0.42247058823529415,hamilton_07
1372,1393,0.5772190622106708,0.0,hamilton_07
1372,1394,0.1637719521379756,0.0,hamilton_07
1372,1397,-0.6536695120874975,0.0,hamilton_07
1372,1401,-0.2148627945300689,0.0,hamilton_07
1372,1403,0.34512191892555855,0.0,hamilton_07
1372,1407,0.22658235729726683,0.0,hamilton_07
1372,1408,0.5032980638863324,0.0,hamilton_07
1378,1385,0.04207507609424516,0.18762500000000001,hamilton_07
1378,1389,-0.13569414841561436,0.0,hamilton_07
1378,1392,0.07296264320412872,0.005029411764705882,hamilton_07
1378,1393,0.07552769642028942,0.0014869565217391306,hamilton_07
1378,1394,0.06160732822024635,0.03313953488372093,hamilton_07
1378,1397,-0.04961525319627595,0.05003333333333333,hamilton_07
1378,1401,-0.28759208459486885,0.0,hamilton_07
1378,1403,0.04691884155064935,0.08303956834532374,hamilton_07
1378,1407,0.053437436655995305,0.038803846153846154,hamilton_07
1378,1408,0.10687829927734538,0.0,hamilton_07
1385,1389,-0.05222015800867986,0.07801094890510948,hamilton_07
1385,1392,0.004889685205850019,1.6897633136094674,hamilton_07
1385,1393,0.2861245525497813,0.0,hamilton_07
1385,1394,0.05314346830055961,0.059095588235294115,hamilton_07
1385,1397,-0.21517928613266643,0.0,hamilton_07
1385,1401,-0.16300556129360255,0.0,hamilton_07
1385,1403,0.2619763051105287,0.0,hamilton_07
1385,1407,0.1359894048334962,0.0,hamilton_07
1385,1408,0.18019339081524793,0.0,hamilton_07
1389,1392,-0.05712345240059436,0.04466417910447762,hamilton_07
1389,1393,-0.10450563442794346,0.0,hamilton_07
1389,1394,-0.06739083817788455,0.013315573770491801,hamilton_07
1389,1397,-0.21033676630599676,0.0,hamilton_07
1389,1401,0.5044855221745591,0.0,hamilton_07
1389,1403,0.012905518978169122,1.2546993865030673,hamilton_07
1389,1407,-0.09747883804855335,0.0,hamilton_07
1389,1408,-0.003105533919669336,1.812,hamilton_07
1392,1393,-0.08538613034856013,0.0007633928571428571,hamilton_07
1392,1394,0.04822875979527389,0.1029612676056338,hamilton_07
1392,1397,0.06039771295720438,0.028275590551181104,hamilton_07
1392,1401,-0.2249099582077143,0.0,hamilton_07
1392,1403,-0.02630299159676446,0.5979483870967742,hamilton_07
1392,1407,-0.03810158666848364,0.2547668918918919,hamilton_07
1392,1408,-0.090280627904507,0.0,hamilton_07
1393,1394,0.17878275550597023,0.0,hamilton_07
1393,1397,-0.680320385784837,0.0,hamilton_07
1393,1401,-0.1852856620501102,0.0,hamilton_07
1393,1403,0.4779457268126964,0.0,hamilton_07
1393,1407,0.42078238437401805,0.0,hamilton_07
1393,1408,0.6905230059311984,0.0,hamilton_07
1394,1397,-0.12929106574387386,0.0,hamilton_07
1394,1401,-0.183921558743747,0.0,hamilton_07
1394,1403,0.07579215226014488,0.0007633928571428571,hamilton_07
1394,1407,0.06745011370935614,0.005029411764705882,hamilton_07
1394,1408,0.17581568055163124,0.0,hamilton_07
1397,1401,-0.018976867361214646,1.184254658385093,hamilton_07
1397,1403,-0.29753991586041223,0.0,hamilton_07
1397,1407,-0.25960771012365164,0.0007633928571428571,hamilton_07
1397,1408,-0.6082641264134722,0.0,hamilton_07
1401,1403,-0.16512454804142349,0.0,hamilton_07
1401,1407,-0.1634961061317033,0.0,hamilton_07
1401,1408,-0.10294883713799308,0.0014869565217391306,hamilton_07
1403,1407,0.8807572031799027,0.0,hamilton_07
1403,1408,0.29818035031243295,0.0,hamilton_07
1407,1408,0.2831774860581631,0.0,hamilton_07
1416,1434,-0.17723169691194562,0.0,hamilton_08
1416,1435,0.042768537029105456,0.1815304347826087,hamilton_08
1416,1439,0.0571682884989119,0.019065420560747663,hamilton_08
1416,1447,0.06860184735601127,0.012423076923076922,hamilton_08
1416,1458,0.21051186906820335,0.0,hamilton_08
1416,1459,-0.12078160749458942,0.0,hamilton_08
1416,1460,-0.0423311406593055,0.14733333333333332,hamilton_08
1416,1461,-0.12337636068070125,0.0,hamilton_08
1416,1470,0.07544948613603435,0.00476,hamilton_08
1416,1471,0.2606238812864535,0.0,hamilton_08
1416,1474,0.03675672277135573,0.28228571428571425,hamilton_08
1416,1475,0.17477357429904689,0.0,hamilton_08
1416,1476,0.26503428086398306,0.0,hamilton_08
1416,1482,-0.16240206696195897,0.0,hamilton_08
1416,1486,-0.0641510079118868,0.015542857142857145,hamilton_08
1416,1490,0.11740813212612015,0.0,hamilton_08
1434,1435,0.22294030322247158,0.0,hamilton_08
1434,1439,-0.22250611485213828,0.0,hamilton_08
1434,1447,0.1083757061076098,0.0,hamilton_08
1434,1458,-0.2776142598067011,0.0,hamilton_08
1434,1459,0.046498344608021866,0.36079338842975206,hamilton_08
1434,1460,0.03856183749756441,0.3684262295081967,hamilton_08
1434,1461,0.06367949815631915,0.23223728813559325,hamilton_08
1434,1470,-0.08674584083678206,0.0,hamilton_08
1434,1471,-0.13436263937251527,0.0,hamilton_08
1434,1474,0.026361672490615377,0.4831290322580645,hamilton_08
1434,1475,-0.09360864726445366,0.0,hamilton_08
1434,1476,-0.5215199897446874,0.0,hamilton_08
1434,1482,0.1576953351420416,0.0,hamilton_08
1434,1486,0.32165988647585086,0.0,hamilton_08
1434,1490,-0.13640101730491266,0.0,hamilton_08
1435,1439,-0.2704764009811056,0.0,hamilton_08
1435,1447,-0.02732540140457362,0.54672,hamilton_08
1435,1458,0.3495111768489378,0.0,hamilton_08
1435,1459,-0.14054903923627693,0.0,hamilton_08
1435,1460,0.07809303516601108,0.0034693877551020408,hamilton_08
1435,1461,-0.03904884204816151,0.1899310344827586,hamilton_08
1435,1470,-0.007065178448769242,1.5315,hamilton_08
1435,1471,-0.04555783185032612,0.14733333333333332,hamilton_08
1435,1474,-0.1539299529952408,0.0,hamilton_08
1435,1475,-0.05898186118650029,0.031816513761467886,hamilton_08
1435,1476,-0.07560595224922853,0.004121212121212121,hamilton_08
1435,1482,-0.06386415957646585,0.01732075471698113,hamilton_08
1435,1486,0.2076783337188921,0.0,hamilton_08
1435,1490,-0.3607666554580196,0.0,hamilton_08
1439,1447,0.0540515209389657,0.03894545454545455,hamilton_08
1439,1458,-0.07005569797269724,0.07228828828828827,hamilton_08
1439,1459,0.5061585260993894,0.0,hamilton_08
1439,1460,0.2612692972283378,0.0,hamilton_08
1439,1461,0.345474176367671,0.0,hamilton_08
1439,1470,0.29822231452727477,0.0,hamilton_08
1439,1471,0.01776215302069914,0.8923053435114504,hamilton_08
1439,1474,0.41442033872601874,0.0,hamilton_08
1439,1475,0.21636578517222707,0.0,hamilton_08
1439,1476,0.11042407032850192,0.011883495145631067,hamilton_08
1439,1482,0.45536556948535195,0.0,hamilton_08
1439,1486,-0.3222022090502358,0.0,hamilton_08
1439,1490,0.38000188605788615,0.0,hamilton_08
1447,1458,0.021652489488686026,0.7410393700787402,hamilton_08
1447,1459,0.020746695543467104,0.7537984496124032,hamilton_08
1447,1460,-0.05973081306407756,0.025185185185185185,hamilton_08
1447,1461,-0.06922233275089157,0.00807920792079208,hamilton_08
1447,1470,0.0927229156603136,0.0,hamilton_08
1447,1471,0.23553887374520205,0.0,hamilton_08
1447,1474,0.12906404165241797,0.0,hamilton_08
1447,1475,0.15174391194762726,0.0,hamilton_08
1447,1476,-0.02563985105861572,0.5591111111111111,hamilton_08
1447,1482,0.39906934340579653,0.0,hamilton_08
1447,1486,0.0824631266043736,0.0,hamilton_08
1447,1490,0.0997633599167481,0.0,hamilton_08
1458,1459,-0.1834989859435561,0.0,hamilton_08
1458,1460,0.08855174853108756,0.001431578947368421,hamilton_08
1458,1461,-0.11582961402813612,0.000723404255319149,hamilton_08
1458,1470,0.14901489686938144,0.0,hamilton_08
1458,1471,0.09736945436606889,0.0,hamilton_08
1458,1474,-0.17204924352801074,0.0,hamilton_08
1458,1475,0.15136929756049194,0.0,hamilton_08
1458,1476,0.383224818916827,0.0,hamilton_08
1458,1482,-0.13224132308868536,0.0,hamilton_08
1458,1486,-0.0700511635826734,0.008666666666666666,hamilton_08
1458,1490,-0.19952159399734487,0.0,hamilton_08
1459,1460,0.7440568454455224,0.0,hamilton_08
1459,1461,0.8865834110054978,0.0,hamilton_08
1459,1470,0.389598210913992,0.0,hamilton_08
1459,1471,-0.20213742564403378,0.0,hamilton_08
1459,1474,0.5990677034312781,0.0,hamilton_08
1459,1475,0.3189326794592534,0.0,hamilton_08
1459,1476,-0.2523140747333053,0.0,hamilton_08
1459,1482,0.714050609906085,0.0,hamilton_08
1459,1486,-0.024385022374818988,0.7537984496124032,hamilton_08
1459,1490,0.4302894623964661,0.0,hamilton_08
1460,1461,0.8162002590200297,0.0,hamilton_08
1460,1470,0.3379183988168755,0.0,hamilton_08
1460,1471,-0.205371634413445,0.0,hamilton_08
1460,1474,0.4539753534515339,0.0,hamilton_08
1460,1475,0.3295884233161519,0.0,hamilton_08
1460,1476,-0.11780843524790573,0.0,hamilton_08
1460,1482,0.442075091606632,0.0,hamilton_08
1460,1486,0.13064089273827276,0.0,hamilton_08
1460,1490,0.29866081901980435,0.0,hamilton_08
1461,1470,0.3442596019602771,0.0,hamilton_08
1461,1471,-0.2872987115657524,0.0,hamilton_08
1461,1474,0.4769263235658939,0.0,hamilton_08
1461,1475,0.262077991290621,0.0,hamilton_08
1461,1476,-0.2122517121839469,0.0,hamilton_08
1461,1482,0.532975801665329,0.0,hamilton_08
1461,1486,0.045983929214722656,0.20109401709401709,hamilton_08
1461,1490,0.3299157677223802,0.0,hamilton_08
1470,1471,0.021596490873916862,0.7684000000000001,hamilton_08
1470,1474,0.3675851969839587,0.0,hamilton_08
1470,1475,0.31343137148571104,0.0,hamilton_08
1470,1476,0.032527313734096536,0.39473170731707313,hamilton_08
1470,1482,0.28295167215396627,0.0,hamilton_08
1470,1486,-0.08050831149535762,0.002125,hamilton_08
1470,1490,0.2819128719001071,0.0,hamilton_08
1471,1474,0.012969489935836336,1.2062388059701492,hamilton_08
1471,1475,0.195641658594853,0.0,hamilton_08
1471,1476,0.1907805371744019,0.0,hamilton_08
1471,1482,-0.10225805738839411,0.0,hamilton_08
1471,1486,-0.013839435224683632,1.1307575757575756,hamilton_08
1471,1490,0.09721447478525384,0.0,hamilton_08
1474,1475,0.37704551168507566,0.0,hamilton_08
1474,1476,-0.11363522926364777,0.0,hamilton_08
1474,1482,0.4554736534392143,0.0,hamilton_08
1474,1486,-0.046361199107064016,0.11049999999999999,hamilton_08
1474,1490,0.4940020675820524,0.0,hamilton_08
1475,1476,0.07095675697877339,0.002804123711340206,hamilton_08
1475,1482,0.18698862897695057,0.0,hamilton_08
1475,1486,-0.0080041929212025,1.4557037037037037,hamilton_08
1475,1490,0.3160150823742547,0.0,hamilton_08
1476,1482,-0.29801093766734704,0.0,hamilton_08
1476,1486,-0.22931858433326313,0.0,hamilton_08
1476,1490,0.052893227022761065,0.36079338842975206,hamilton_08
1482,1486,0.013380934142917434,1.1902556390977441,hamilton_08
1482,1490,0.2766662231611251,0.0,hamilton_08
1486,1490,-0.11765320648634892,0.0,hamilton_08
1493,1495,0.3616200507464588,0.0,hamilton_19
1493,1496,0.0928989090827594,0.0,hamilton_19
1493,1497,-0.000654304828418563,1.9665,hamilton_19
1493,1498,0.03788254712697882,0.18492977528089885,hamilton_19
1493,1499,-0.019265222154358563,0.806741116751269,hamilton_19
1493,1502,-0.08638792689027806,0.0008309352517985613,hamilton_19
1493,1505,-0.14580004345947511,0.0,hamilton_19
1493,1507,0.36192055809819085,0.0,hamilton_19
1493,1509,0.1391074334246667,0.0,hamilton_19
1493,1512,-0.0041153434362365,1.7225701357466063,hamilton_19
1493,1513,0.13848044729709427,0.0,hamilton_19
1493,1514,-0.007927901857799045,1.5929375000000001,hamilton_19
1493,1515,0.058619979691219876,0.026484076433121014,hamilton_19
1493,1519,0.24655322614904487,0.0,hamilton_19
1493,1523,0.42623980903554337,0.0,hamilton_19
1493,1530,0.07027048703726857,0.003164383561643836,hamilton_19
1493,1531,0.04844139538611031,0.09996491228070174,hamilton_19
1493,1532,0.2979310277243429,0.0,hamilton_19
1493,1537,0.4799788940599001,0.0,hamilton_19
1493,1540,-0.002239331158248571,1.874342105263158,hamilton_19
1493,1541,0.006164818138385084,1.6699816513761467,hamilton_19
1495,1496,0.26675728398619064,0.0,hamilton_19
1495,1497,-0.08315601520654552,0.0016153846153846155,hamilton_19
1495,1498,0.033053146528001544,0.35961081081081075,hamilton_19
1495,1499,-0.02851720677558496,0.4913333333333334,hamilton_19
1495,1502,-0.11343637889076612,0.0,hamilton_19
1495,1505,-0.2208941738323723,0.0,hamilton_19
1495,1507,0.3706437304780814,0.0,hamilton_19
1495,1509,0.17388568179420988,0.0,hamilton_19
1495,1512,-0.042083552770747205,0.15595762711864408,hamilton_19
1495,1513,0.13615750839270074,0.0,hamilton_19
1495,1514,-0.004958249951090071,1.7225701357466063,hamilton_19
1495,1515,0.05029051583734271,0.06888253012048193,hamilton_19
1495,1519,0.13717486452619415,0.0,hamilton_19
1495,1523,0.3899379876915486,0.0,hamilton_19
1495,1530,0.07332542434947538,0.0016153846153846155,hamilton_19
1495,1531,0.0013671665993631212,1.915080786026201,hamilton_19
1495,1532,0.3248925280338285,0.0,hamilton_19
1495,1537,0.47496552011476184,0.0,hamilton_19
1495,1540,-0.004792696375323629,1.7491486486486487,hamilton_19
1495,1541,-0.05281678417764738,0.06985329341317366,hamilton_19
1496,1497,-0.011568285078223313,1.3075263157894739,hamilton_19
1496,1498,0.3395006263655775,0.0,hamilton_19
1496,1499,0.3133373650315313,0.0,hamilton_19
1496,1502,0.09998145728511784,0.0,hamilton_19
1496,1505,0.19137226941094243,0.0,hamilton_19
1496,1507,0.1050971040380267,0.0,hamilton_19
1496,1509,-0.6053288410984491,0.0,hamilton_19
1496,1512,0.6850980351738784,0.0,hamilton_19
1496,1513,-0.33853311926092916,0.0,hamilton_19
1496,1514,0.12876831448146162,0.0,hamilton_19
1496,1515,0.242573808349488,0.0,hamilton_19
1496,1519,0.3994113354160671,0.0,hamilton_19
1496,1523,0.17974422871303603,0.0,hamilton_19
1496,1530,0.48042901088236223,0.0,hamilton_19
1496,1531,0.3738335044150281,0.0,hamilton_19
1496,1532,-0.05918305236993534,0.004682432432432432,hamilton_19
1496,1537,0.13945081618171068,0.0,hamilton_19
1496,1540,0.08438327850722292,0.0,hamilton_19
1496,1541,0.16128979751949793,0.0,hamilton_19
1497,1498,-0.05291347993272049,0.0567,hamilton_19
1497,1499,-0.02831444209166034,0.46632352941176475,hamilton_19
1497,1502,0.017007617048895904,1.0644117647058822,hamilton_19
1497,1505,0.15092524058660475,0.0,hamilton_19
1497,1507,-0.06607492177641419,0.017362745098039215,hamilton_19
1497,1509,0.04384251113444166,0.12217630057803468,hamilton_19
1497,1512,-0.04798739835764098,0.05352439024390244,hamilton_19
1497,1513,0.060497380725041155,0.02160967741935484,hamilton_19
1497,1514,-0.022308690428229284,0.7996153846153847,hamilton_19
1497,1515,-0.02012203945205923,0.85701,hamilton_19
1497,1519,0.11366531272879296,0.0,hamilton_19
1497,1523,0.003682689442046345,1.804171875,hamilton_19
1497,1530,-0.07679600247191457,0.0008309352517985613,hamilton_19
1497,1531,-0.022240738469273658,0.7900438144329897,hamilton_19
1497,1532,0.04820097384111453,0.12412931034482759,hamilton_19
1497,1537,-0.15271571769031136,0.0,hamilton_19
1497,1540,0.15518975916892286,0.0,hamilton_19
1497,1541,0.024156622151559563,0.6857812499999999,hamilton_19
1498,1499,-0.18414650104802616,0.0,hamilton_19
1498,1502,0.037639952790852256,0.33394565217391303,hamilton_19
1498,1505,0.05530002173727321,0.026877358490566036,hamilton_19
1498,1507,0.012869444485602746,1.2777888349514561,hamilton_19
1498,1509,-0.4271074609221132,0.0,hamilton_19
1498,1512,0.4191526233326159,0.0,hamilton_19
1498,1513,-0.6055071391388995,0.0,hamilton_19
1498,1514,0.17584615954808192,0.0,hamilton_19
1498,1515,0.5663957368171636,0.0,hamilton_19
1498,1519,0.09124769086391414,0.02025,hamilton_19
1498,1523,0.22317675172033855,0.0,hamilton_19
1498,1530,0.6892867159181694,0.0,hamilton_19
1498,1531,0.5365394566067475,0.0,hamilton_19
1498,1532,-0.057207593740591096,0.016717105263157894,hamilton_19
1498,1537,0.14940066570514518,0.0,hamilton_19
1498,1540,0.02773310096778029,0.47674468085106386,hamilton_19
1498,1541,-0.18212566243146724,0.0,hamilton_19
1499,1502,0.16359485564684415,0.0,hamilton_19
1499,1505,0.07997478912190316,0.0,hamilton_19
1499,1507,0.005109685515167699,1.7219520547945206,hamilton_19
1499,1509,-0.4081311413454425,0.0,hamilton_19
1499,1512,0.37000823255636167,0.0,hamilton_19
1499,1513,-0.13704799066836545,0.0,hamilton_19
1499,1514,0.07396806955967589,0.004682432432432432,hamilton_19
1499,1515,0.04170742043669809,0.29763461538461533,hamilton_19
1499,1519,0.15015815380925038,0.026877358490566036,hamilton_19
1499,1523,0.009526636264618565,1.5611302325581395,hamilton_19
1499,1530,0.14476864814420173,0.0,hamilton_19
1499,1531,0.12242023783789682,0.0,hamilton_19
1499,1532,-0.13192252790558742,0.0,hamilton_19
1499,1537,0.06802973310616811,0.0531441717791411,hamilton_19
1499,1540,0.0026462328863299392,1.82295796460177,hamilton_19
1499,1541,-0.2606218577458568,0.0,hamilton_19
1502,1505,0.17607229876315872,0.0,hamilton_19
1502,1507,-0.09443127679261674,0.0,hamilton_19
1502,1509,-0.32669809456141574,0.0,hamilton_19
1502,1512,0.3073554384265119,0.0,hamilton_19
1502,1513,-0.10313724557093987,0.0,hamilton_19
1502,1514,0.016798101638874935,1.061689655172414,hamilton_19
1502,1515,0.026544307501205358,0.6760680628272252,hamilton_19
1502,1519,0.12527941427866843,0.0,hamilton_19
1502,1523,-0.20146488846457244,0.0,hamilton_19
1502,1530,-0.010069852309678426,1.5041985981308412,hamilton_19
1502,1531,0.11177282903407208,0.0,hamilton_19
1502,1532,-0.1624223157645317,0.0,hamilton_19
1502,1537,-0.24645914348320208,0.0,hamilton_19
1502,1540,0.02361830224508445,0.724119170984456,hamilton_19
1502,1541,-0.13478784144055142,0.0,hamilton_19
1505,1507,-0.2503798907031321,0.0,hamilton_19
1505,1509,-0.2478669092900488,0.0,hamilton_19
1505,1512,0.2253613550868618,0.0,hamilton_19
1505,1513,-0.13365900728899127,0.0,hamilton_19
1505,1514,0.022698434600229585,0.8002500000000001,hamilton_19
1505,1515,-0.0008868853948081244,1.946928260869565,hamilton_19
1505,1519,0.07882082652674605,0.0008309352517985613,hamilton_19
1505,1523,-0.2835006911025645,0.0,hamilton_19
1505,1530,0.044567905033429424,0.09172058823529412,hamilton_19
1505,1531,0.13339019225746587,0.0,hamilton_19
1505,1532,-0.16662176149437838,0.0,hamilton_19
1505,1537,-0.42346848636237566,0.0,hamilton_19
1505,1540,0.12358723007436237,0.0,hamilton_19
1505,1541,0.08662335269481583,0.0,hamilton_19
1507,1509,0.11377269273134376,0.0,hamilton_19
1507,1512,0.0435070314448464,0.13926,hamilton_19
1507,1513,0.16653968791860105,0.0,hamilton_19
1507,1514,-0.0035218539224001677,1.8115533333333331,hamilton_19
1507,1515,0.04860742494153343,0.08524999999999999,hamilton_19
1507,1519,0.20145879371465414,0.0,hamilton_19
1507,1523,0.45214364009634944,0.0,hamilton_19
1507,1530,0.044508749871954,0.15028125,hamilton_19
1507,1531,0.011573697580656017,1.3230497630331755,hamilton_19
1507,1532,0.2916449929895784,0.0,hamilton_19
1507,1537,0.46754414249778864,0.0,hamilton_19
1507,1540,-0.01997160485105811,0.9314331683168317,hamilton_19
1507,1541,0.03121001560660865,0.41045967741935485,hamilton_19
1509,1512,-0.893172029095109,0.0,hamilton_19
1509,1513,0.5540941603405646,0.0,hamilton_19
1509,1514,-0.1531191793505308,0.0,hamilton_19
1509,1515,-0.2900702117972122,0.0,hamilton_19
1509,1519,-0.15594563132637385,0.0,hamilton_19
1509,1523,0.031640867563505884,0.525828947368421,hamilton_19
1509,1530,-0.5507056554605306,0.0,hamilton_19
1509,1531,-0.4542834444830563,0.0,hamilton_19
1509,1532,0.27935661722203475,0.0,hamilton_19
1509,1537,0.045903425193403395,0.2648204419889503,hamilton_19
1509,1540,-0.04715987455995656,0.050620370370370364,hamilton_19
1509,1541,-0.12210904948494378,0.0,hamilton_19
1512,1513,-0.4865012275192809,0.0,hamilton_19
1512,1514,0.13315362518329996,0.0,hamilton_19
1512,1515,0.26565069085191395,0.0,hamilton_19
1512,1519,0.25776320279716636,0.0317625,hamilton_19
1512,1523,0.1250690013353024,0.0,hamilton_19
1512,1530,0.5538868472406248,0.0,hamilton_19
1512,1531,0.48135547807283297,0.0,hamilton_19
1512,1532,-0.1673933700461825,0.0,hamilton_19
1512,1537,0.08527481522471754,0.02591346153846154,hamilton_19
1512,1540,0.08855112047318173,0.0,hamilton_19
1512,1541,0.19160240059454672,0.0,hamilton_19
1513,1514,-0.14012149279428282,0.0,hamilton_19
1513,1515,-0.5653939075680492,0.0,hamilton_19
1513,1519,0.015143135311001452,1.3230497630331755,hamilton_19
1513,1523,0.013639627023528136,1.2893798076923078,hamilton_19
1513,1530,-0.7368673791689119,0.0,hamilton_19
1513,1531,-0.5239324881314535,0.0,hamilton_19
1513,1532,0.26284245048442223,0.0,hamilton_19
1513,1537,0.01139919315154887,1.4364295774647888,hamilton_19
1513,1540,0.020363408539547028,0.8254166666666667,hamilton_19
1513,1541,0.12269987635375579,0.0,hamilton_19
1514,1515,0.17470820514039198,0.0,hamilton_19
1514,1519,-0.01982126523126642,0.893544776119403,hamilton_19
1514,1523,0.0702284565078165,0.01070860927152318,hamilton_19
1514,1530,0.1779412390022647,0.0,hamilton_19
1514,1531,0.10159483794513592,0.0,hamilton_19
1514,1532,-0.014914551982334288,1.1944390243902439,hamilton_19
1514,1537,0.04701856150628752,0.11549999999999999,hamilton_19
1514,1540,0.021436974641855514,0.8293944723618091,hamilton_19
1514,1541,-0.051229984131613414,0.08816272189349113,hamilton_19
1515,1519,0.08404298743264295,0.006976510067114094,hamilton_19
1515,1523,0.2270383423270136,0.0,hamilton_19
1515,1530,0.6099508399831269,0.0,hamilton_19
1515,1531,0.3043047951681675,0.0,hamilton_19
1515,1532,0.01214867142581129,1.2893798076923078,hamilton_19
1515,1537,0.1601960372311128,0.0,hamilton_19
1515,1540,-0.0038914987658515187,1.7982780269058298,hamilton_19
1515,1541,-0.21089783476603308,0.0,hamilton_19
1519,1523,0.2668462168915506,0.0,hamilton_19
1519,1530,0.12350183841587406,0.0016153846153846155,hamilton_19
1519,1531,0.16966383531347534,0.0,hamilton_19
1519,1532,0.16643821964547098,0.0,hamilton_19
1519,1537,0.13345027010814978,0.0,hamilton_19
1519,1540,0.10474779700951603,0.0,hamilton_19
1519,1541,0.1150590847496627,0.0,hamilton_19
1523,1530,0.24764786181114778,0.0,hamilton_19
1523,1531,0.16055668586449176,0.0,hamilton_19
1523,1532,0.38308792685752213,0.0,hamilton_19
1523,1537,0.6626145510850501,0.0,hamilton_19
1523,1540,-0.006338668477283683,1.6699816513761467,hamilton_19
1523,1541,0.002700573283215317,1.8520704845814977,hamilton_19
1530,1531,0.5447045470142972,0.0,hamilton_19
1530,1532,-0.06480201054911097,0.003164383561643836,hamilton_19
1530,1537,0.24663703957894617,0.0,hamilton_19
1530,1540,0.009522662383976296,1.372379716981132,hamilton_19
1530,1541,-0.09191830154019487,0.0077,hamilton_19
1531,1532,-0.07092181485997068,0.0008309352517985613,hamilton_19
1531,1537,0.0876954003125839,0.0,hamilton_19
1531,1540,0.07886010530042209,0.0016153846153846155,hamilton_19
1531,1541,-0.03827850706343309,0.308,hamilton_19
1532,1537,0.32291286707943756,0.0,hamilton_19
1532,1540,0.042470419088769744,0.2233,hamilton_19
1532,1541,0.05477927754712718,0.03730434782608695,hamilton_19
1537,1540,-0.10151935491723617,0.0,hamilton_19
1537,1541,-0.04447156202162871,0.22325698324022344,hamilton_19
1540,1541,0.08031088112437863,0.00240625,hamilton_19
1554,1557,-0.24661881088834703,0.0,hamilton_20
1554,1559,0.16414213329227112,0.0,hamilton_20
1554,1560,-0.014343916409312596,1.3627222222222222,hamilton_20
1554,1562,0.2270702538805094,0.0,hamilton_20
1554,1564,-0.3521197822735408,0.0,hamilton_20
1554,1565,-0.06556511986979384,0.2688679245283019,hamilton_20
1554,1570,0.16330935428039042,0.0,hamilton_20
1554,1575,-0.1968756650577919,0.0,hamilton_20
1554,1577,-0.10777302780987032,0.0,hamilton_20
1554,1581,0.023734001001105072,0.7110946745562129,hamilton_20
1554,1582,0.05567769778869252,0.018410852713178296,hamilton_20
1554,1585,0.19893397430607432,0.0,hamilton_20
1554,1588,0.5682013284931027,0.0,hamilton_20
1554,1590,0.08895923964239906,0.0,hamilton_20
1554,1596,-0.012031748914675339,1.3627222222222222,hamilton_20
1554,1598,0.219037802478398,0.0,hamilton_20
1554,1603,-0.08997039736346807,0.0,hamilton_20
1554,1609,0.23996597102142964,0.0,hamilton_20
1554,1611,-0.5782406833549825,0.0,hamilton_20
1557,1559,-0.15392588563206008,0.0,hamilton_20
1557,1560,-0.05892561587689174,0.037574626865671645,hamilton_20
1557,1562,-0.17483288886465584,0.0,hamilton_20
1557,1564,0.10404125202043459,0.0,hamilton_20
1557,1565,-0.02391712662551721,0.6753012048192771,hamilton_20
1557,1570,-0.1990899420932798,0.0,hamilton_20
1557,1575,0.13687806187791204,0.0,hamilton_20
1557,1577,0.09731128488906104,0.0,hamilton_20
1557,1581,-0.08450434879086482,0.0016666666666666668,hamilton_20
1557,1582,-0.05345178839951465,0.057943262411347514,hamilton_20
1557,1585,-0.1729259511002712,0.0,hamilton_20
1557,1588,-0.26186917685968064,0.0,hamilton_20
1557,1590,-0.08685998689675656,0.0,hamilton_20
1557,1596,0.037328754886021484,0.2618589743589743,hamilton_20
1557,1598,-0.09329640232441104,0.0,hamilton_20
1557,1603,0.0243626961501423,0.6962874251497007,hamilton_20
1557,1609,-0.2807810511371322,0.0,hamilton_20
1557,1611,0.2424562608556854,0.0,hamilton_20
1559,1560,-0.10705598238250656,0.0,hamilton_20
1559,1562,0.2269324329174048,0.0,hamilton_20
1559,1564,-0.07519929632216951,0.0008482142857142857,hamilton_20
1559,1565,-0.12535096715964664,0.0,hamilton_20
1559,1570,0.31216351342713095,0.0,hamilton_20
1559,1575,-0.10550944856758204,0.0,hamilton_20
1559,1577,-0.05599521451308372,0.05507246376811594,hamilton_20
1559,1581,-0.0032130490673554107,1.821764705882353,hamilton_20
1559,1582,0.04755533386998826,0.1277364864864865,hamilton_20
1559,1585,0.14383816599516544,0.0,hamilton_20
1559,1588,0.1961454460124578,0.0,hamilton_20
1559,1590,0.06650961593984502,0.02248091603053435,hamilton_20
1559,1596,0.019455210869500847,0.9223837209302325,hamilton_20
1559,1598,0.1581473688771421,0.0,hamilton_20
1559,1603,-0.07991975594797665,0.003991596638655463,hamilton_20
1559,1609,0.3401213749934254,0.0,hamilton_20
1559,1611,-0.116303525363013,0.0,hamilton_20
1560,1562,-0.00010386699942114706,1.9985,hamilton_20
1560,1564,0.13490986336915753,0.0,hamilton_20
1560,1565,0.8515287237248234,0.0,hamilton_20
1560,1570,-0.08067731081714023,0.03571428571428572,hamilton_20
1560,1575,0.03787138924733817,0.2688679245283019,hamilton_20
1560,1577,-0.3739132775898905,0.0,hamilton_20
1560,1581,-0.13401893651076394,0.0,hamilton_20
1560,1582,-0.0405141793489766,0.06288732394366198,hamilton_20
1560,1585,0.3281024218024457,0.0,hamilton_20
1560,1588,-0.0047035570184633165,1.834813829787234,hamilton_20
1560,1590,0.26286256699097527,0.0,hamilton_20
1560,1596,-0.5116748008919559,0.0,hamilton_20
1560,1598,0.12419683539747096,0.0,hamilton_20
1560,1603,0.0364489293551236,0.27371875,hamilton_20
1560,1609,-0.1551555250203169,0.0,hamilton_20
1560,1611,0.06519502579822258,0.2688679245283019,hamilton_20
1562,1564,-0.0863082335359109,0.0,hamilton_20
1562,1565,-0.012005540154031293,1.1373011363636365,hamilton_20
1562,1570,0.11232849078775484,0.0,hamilton_20
1562,1575,-0.05526432016335764,0.05564285714285715,hamilton_20
1562,1577,-0.04030573367405076,0.2316013071895425,hamilton_20
1562,1581,0.019834946498281266,0.8761111111111112,hamilton_20
1562,1582,0.08128360872756935,0.0016666666666666668,hamilton_20
1562,1585,0.09919216571930642,0.0,hamilton_20
1562,1588,0.21187170482342463,0.0,hamilton_20
1562,1590,0.07970433593815412,0.008565573770491802,hamilton_20
1562,1596,0.06771966504551133,0.0114,hamilton_20
1562,1598,0.10473490571665076,0.0,hamilton_20
1562,1603,0.009475129470403167,1.4239560439560441,hamilton_20
1562,1609,0.23037731265756042,0.0,hamilton_20
1562,1611,-0.13941785664918746,0.0,hamilton_20
1564,1565,0.1331870376094785,0.0,hamilton_20
1564,1570,-0.07637709561571844,0.004710743801652893,hamilton_20
1564,1575,0.18867359376893567,0.0,hamilton_20
1564,1577,-0.07035709142461728,0.009268292682926829,hamilton_20
1564,1581,-0.046200520983991376,0.1351677852348993,hamilton_20
1564,1582,0.046409094554145235,0.11386986301369863,hamilton_20
1564,1585,-0.00712111325107607,1.5934324324324325,hamilton_20
1564,1588,-0.3840214307731072,0.0,hamilton_20
1564,1590,0.06214451071439612,0.026628787878787877,hamilton_20
1564,1596,-0.06485756532675664,0.018410852713178296,hamilton_20
1564,1598,-0.03330662226780139,0.3641666666666667,hamilton_20
1564,1603,0.07411080941892671,0.004710743801652893,hamilton_20
1564,1609,-0.1960460662134798,0.0,hamilton_20
1564,1611,0.4330825078075168,0.0,hamilton_20
1565,1570,-0.12726659091069933,0.02192307692307692,hamilton_20
1565,1575,0.04507428916750583,0.1509933774834437,hamilton_20
1565,1577,-0.290959370428311,0.0,hamilton_20
1565,1581,-0.10461460310120653,0.0,hamilton_20
1565,1582,-0.07621481571824724,0.0,hamilton_20
1565,1585,0.26621941165150503,0.0,hamilton_20
1565,1588,-0.07204923795500187,1.2360734463276837,hamilton_20
1565,1590,0.17621343642089332,0.0,hamilton_20
1565,1596,-0.4780615347281927,0.0,hamilton_20
1565,1598,0.08511937231603577,0.0,hamilton_20
1565,1603,0.0372233178179012,0.2436688311688312,hamilton_20
1565,1609,-0.17319314850840367,0.2944409937888199,hamilton_20
1565,1611,0.08149740489526934,0.6442727272727273,hamilton_20
1570,1575,-0.18420817854734564,0.0,hamilton_20
1570,1577,-0.24836046923424976,0.0,hamilton_20
1570,1581,-0.09691001877671793,0.0,hamilton_20
1570,1582,0.12526306122036457,0.0,hamilton_20
1570,1585,0.26409236397712027,0.0,hamilton_20
1570,1588,0.1327191538656125,0.0,hamilton_20
1570,1590,0.16427871396673766,0.0,hamilton_20
1570,1596,-0.07360332665654538,0.014325396825396824,hamilton_20
1570,1598,0.1543705542723079,0.0,hamilton_20
1570,1603,-0.12181897829645151,0.0,hamilton_20
1570,1609,0.4044104554368433,0.0,hamilton_20
1570,1611,-0.15651639146015647,0.0,hamilton_20
1575,1577,0.079366929126032,0.0024568965517241382,hamilton_20
1575,1581,0.01793671589449449,0.9914942528735633,hamilton_20
1575,1582,-0.029743029646951306,0.458680981595092,hamilton_20
1575,1585,-0.1061798206563827,0.0,hamilton_20
1575,1588,-0.25484618651516844,0.0,hamilton_20
1575,1590,-0.01709309192207857,1.0422857142857143,hamilton_20
1575,1596,0.011766146655032363,1.30438202247191,hamilton_20
1575,1598,-0.055223657138725374,0.04261029411764706,hamilton_20
1575,1603,0.10614819808478249,0.0,hamilton_20
1575,1609,-0.3058545570842655,0.0,hamilton_20
1575,1611,0.2942786803162105,0.0,hamilton_20
1577,1581,0.12662769646182484,0.0,hamilton_20
1577,1582,-0.052585632791691414,0.10027777777777777,hamilton_20
1577,1585,-0.2847747398375954,0.0,hamilton_20
1577,1588,-0.1370817527566804,0.0,hamilton_20
1577,1590,-0.22287561840787437,0.0,hamilton_20
1577,1596,0.30986209411024934,0.0,hamilton_20
1577,1598,-0.15823818775799575,0.0,hamilton_20
1577,1603,0.0482560373695572,0.11268965517241378,hamilton_20
1577,1609,-0.12785942775835774,0.0,hamilton_20
1577,1611,0.10834043437258302,0.0,hamilton_20
1581,1582,-0.05268825048562677,0.06975524475524476,hamilton_20
1581,1585,-0.17240186967589932,0.0,hamilton_20
1581,1588,0.045099115358881725,0.14313333333333333,hamilton_20
1581,1590,-0.09777869549806437,0.0,hamilton_20
1581,1596,0.15183673679653714,0.0,hamilton_20
1581,1598,-0.07126427553539885,0.009959677419354837,hamilton_20
1581,1603,0.09449993936964608,0.0,hamilton_20
1581,1609,0.03726815601161746,0.2549677419354839,hamilton_20
1581,1611,-0.07247992292766828,0.003247863247863248,hamilton_20
1582,1585,0.08016093535531907,0.0024568965517241382,hamilton_20
1582,1588,0.030808052170244266,0.1247278911564626,hamilton_20
1582,1590,0.07429377860338447,0.01720472440944882,hamilton_20
1582,1596,0.039456471913594755,0.20375000000000001,hamilton_20
1582,1598,0.06089254944603944,0.042222222222222223,hamilton_20
1582,1603,-0.007059683404551715,1.5934324324324325,hamilton_20
1582,1609,0.07144571696631354,0.0,hamilton_20
1582,1611,-0.0031482743629357548,1.7431989247311828,hamilton_20
1585,1588,0.21588776083450104,0.0,hamilton_20
1585,1590,0.2093476207453097,0.0,hamilton_20
1585,1596,-0.22182920622103228,0.0,hamilton_20
1585,1598,0.18389862779708024,0.0,hamilton_20
1585,1603,-0.05470747416699283,0.05564285714285715,hamilton_20
1585,1609,0.21702112430371015,0.0,hamilton_20
1585,1611,-0.13109495553357126,0.0,hamilton_20
1588,1590,0.05331877175475982,0.003991596638655463,hamilton_20
1588,1596,0.0035902431758251334,1.8371693121693122,hamilton_20
1588,1598,0.14710636124503204,0.0,hamilton_20
1588,1603,-0.05590745004162896,0.047153284671532854,hamilton_20
1588,1609,0.1739009521254934,0.0,hamilton_20
1588,1611,-0.690759592426263,0.0,hamilton_20
1590,1596,-0.12805962981473187,0.0,hamilton_20
1590,1598,0.10821379026431005,0.0,hamilton_20
1590,1603,0.018838738231037013,0.9379190751445087,hamilton_20
1590,1609,0.0640991745109385,0.0008482142857142857,hamilton_20
1590,1611,-0.01829647930799971,0.7057142857142857,hamilton_20
1596,1598,-0.08587160870066382,0.0008482142857142857,hamilton_20
1596,1603,0.025782746685726242,0.633140243902439,hamilton_20
1596,1609,0.03264272947794278,0.7169705882352941,hamilton_20
1596,1611,0.00924935057474965,1.5838524590163936,hamilton_20
1598,1603,-0.009854725004605953,1.4239560439560441,hamilton_20
1598,1609,0.13934654171205071,0.0,hamilton_20
1598,1611,-0.07513707262529404,0.0,hamilton_20
1603,1609,-0.13507618620928732,0.0,hamilton_20
1603,1611,0.08170232207077395,0.0008482142857142857,hamilton_20
1609,1611,-0.2850177887605653,0.0,hamilton_20
2005,2009,0.6178579192500857,0.0,hamilton_25
2005,2010,0.4404324555945366,0.0,hamilton_25
2005,2014,0.35601436053540114,0.0,hamilton_25
2005,2017,0.4601334630948835,0.0,hamilton_25
2005,2018,0.38685474503362616,0.0,hamilton_25
2005,2031,0.0627886892562411,0.012176470588235294,hamilton_25
2005,2037,0.5396043812163743,0.0,hamilton_25
2005,2038,0.5308241022244709,0.0,hamilton_25
2009,2010,0.4999257752624387,0.0,hamilton_25
2009,2014,0.3697892481681389,0.0,hamilton_25
2009,2017,0.5104345975316589,0.0,hamilton_25
2009,2018,0.36533990928356247,0.0,hamilton_25
2009,2031,0.09714580697063852,0.0005806451612903226,hamilton_25
2009,2037,0.583673412934901,0.0,hamilton_25
2009,2038,0.5939704562894049,0.0,hamilton_25
2010,2014,0.23938925561711571,0.0,hamilton_25
2010,2017,0.41940276409725635,0.0,hamilton_25
2010,2018,0.2847229149494343,0.0,hamilton_25
2010,2031,0.1971508802544945,0.0,hamilton_25
2010,2037,0.4865552644942333,0.0,hamilton_25
2010,2038,0.4044769717336353,0.0,hamilton_25
2014,2017,0.2996039795080714,0.0,hamilton_25
2014,2018,0.2281220461813846,0.0,hamilton_25
2014,2031,0.014001346347549166,1.1298857142857142,hamilton_25
2014,2037,0.3306125846971209,0.0,hamilton_25
2014,2038,0.324429627050614,0.0,hamilton_25
2017,2018,0.3629326251541188,0.0,hamilton_25
2017,2031,0.08605548043240331,0.0011250000000000001,hamilton_25
2017,2037,0.4746077744350615,0.0,hamilton_25
2017,2038,0.42782803986419604,0.0,hamilton_25
2018,2031,0.003617570029653762,1.785,hamilton_25
2018,2037,0.3643119547946322,0.0,hamilton_25
2018,2038,0.3192110825110989,0.0,hamilton_25
2031,2037,0.12450965076923434,0.0,hamilton_25
2031,2038,0.06570024302277193,0.009818181818181816,hamilton_25
2037,2038,0.5145104996421618,0.0,hamilton_25
2041,2048,0.04146093393316752,0.27439024390243905,hamilton_26
2041,2053,-0.09975486062900746,0.0,hamilton_26
2041,2057,-0.5766104454952327,0.0,hamilton_26
2041,2059,-0.017319395309456864,0.879,hamilton_26
2041,2060,0.032610923886463264,0.3246428571428571,hamilton_26
2041,2061,0.09354244906198236,0.0,hamilton_26
2041,2065,0.39281206960105824,0.0,hamilton_26
2041,2066,0.38027597434749344,0.0,hamilton_26
2041,2074,0.2881330936127225,0.0,hamilton_26
2048,2053,0.020345506483371315,0.7900568181818182,hamilton_26
2048,2057,0.1423405444120186,0.0,hamilton_26
2048,2059,-0.04729349496716101,0.10153846153846152,hamilton_26
2048,2060,-0.07812327044041191,0.0006818181818181818,hamilton_26
2048,2061,0.05898519097784708,0.027236842105263157,hamilton_26
2048,2065,-0.09162617640987263,0.0019852941176470586,hamilton_26
2048,2066,0.13720769501819807,0.0,hamilton_26
2048,2074,0.18398248256925145,0.0,hamilton_26
2053,2057,0.07202671541087827,0.00625,hamilton_26
2053,2059,0.13036700049321615,0.0,hamilton_26
2053,2060,0.2065620526295804,0.0,hamilton_26
2053,2061,0.1700390653997266,0.0,hamilton_26
2053,2065,0.10253377547512896,0.0,hamilton_26
2053,2066,0.23062137424066054,0.0,hamilton_26
2053,2074,-0.3223839509334571,0.0,hamilton_26
2057,2059,0.0917734046623577,0.0006818181818181818,hamilton_26
2057,2060,0.07511901893271779,0.0032142857142857147,hamilton_26
2057,2061,-0.09760358477175583,0.0,hamilton_26
2057,2065,-0.22918563424884003,0.0,hamilton_26
2057,2066,-0.213142577251344,0.0,hamilton_26
2057,2074,-0.14943063519519437,0.0,hamilton_26
2059,2060,0.2828622433985388,0.0,hamilton_26
2059,2061,0.11892346569486631,0.0,hamilton_26
2059,2065,0.3868953716458586,0.0,hamilton_26
2059,2066,0.10814846322106504,0.0,hamilton_26
2059,2074,-0.037785483871724444,0.23006249999999998,hamilton_26
2060,2061,0.10827969676671424,0.0,hamilton_26
2060,2065,0.2701982670330423,0.0,hamilton_26
2060,2066,0.1035572859605959,0.0,hamilton_26
2060,2074,-0.10135057893310317,0.0,hamilton_26
2061,2065,0.22136270897221239,0.0,hamilton_26
2061,2066,0.2977993220681001,0.0,hamilton_26
2061,2074,-0.11493780649858722,0.0,hamilton_26
2065,2066,0.39290832389130875,0.0,hamilton_26
2065,2074,0.07307022274990953,0.010945945945945945,hamilton_26
2066,2074,0.02899905169076637,0.4458139534883721,hamilton_26
2076,2078,-0.07148545162784453,0.006081081081081081,hamilton_28
2076,2107,-0.06774837479910685,0.008289473684210525,hamilton_28
2076,2108,-0.233951716634564,0.0,hamilton_28
2076,2111,-0.7278707294273438,0.0,hamilton_28
2076,2112,-0.19249558834719882,0.0,hamilton_28
2076,2125,0.28298046131182686,0.0,hamilton_28
2076,2126,0.4443774242686577,0.0,hamilton_28
2076,2128,-0.085234814271198,0.0006818181818181818,hamilton_28
2076,2130,-0.2744051877114403,0.0,hamilton_28
2078,2107,0.023481134844164402,0.6830357142857142,hamilton_28
2078,2108,0.13104164518257244,0.0,hamilton_28
2078,2111,0.09999362530570557,0.0,hamilton_28
2078,2112,0.17550194200502173,0.0,hamilton_28
2078,2125,0.1638735957246464,0.0,hamilton_28
2078,2126,-0.05273706956197745,0.045,hamilton_28
2078,2128,-0.008401816915472973,1.4455,hamilton_28
2078,2130,0.08185594414926056,0.0013235294117647058,hamilton_28
2107,2108,0.38392887985377455,0.0,hamilton_28
2107,2111,0.213031622009845,0.0,hamilton_28
2107,2112,0.2422156370181875,0.0,hamilton_28
2107,2125,0.2821049972732728,0.0,hamilton_28
2107,2126,0.06160724581731441,0.016153846153846154,hamilton_28
2107,2128,0.03166712578824874,0.373719512195122,hamilton_28
2107,2130,0.2616331449122966,0.0,hamilton_28
2108,2111,0.5110002188702498,0.0,hamilton_28
2108,2112,0.5345693659025211,0.0,hamilton_28
2108,2125,0.3636392168318123,0.0,hamilton_28
2108,2126,-0.02368608271630771,0.7336046511627907,hamilton_28
2108,2128,0.1766824479917648,0.0,hamilton_28
2108,2130,0.5468281280583933,0.0,hamilton_28
2111,2112,0.4604161550146524,0.0,hamilton_28
2111,2125,-0.11498532841910222,0.0,hamilton_28
2111,2126,-0.45872902989049624,0.0,hamilton_28
2111,2128,0.18268577577059333,0.0,hamilton_28
2111,2130,0.47034589062799853,0.0,hamilton_28
2112,2125,0.44544403281159134,0.0,hamilton_28
2112,2126,-0.15862182781201126,0.0,hamilton_28
2112,2128,0.021501516811189128,0.7670454545454546,hamilton_28
2112,2130,0.42652423972031184,0.0,hamilton_28
2125,2126,0.2987014849672845,0.0,hamilton_28
2125,2128,-0.08691911815099103,0.0019285714285714288,hamilton_28
2125,2130,0.2155203678461585,0.0,hamilton_28
2126,2128,0.09278252256275364,0.0,hamilton_28
2126,2130,-0.07529886533150218,0.003125,hamilton_28
2128,2130,0.15577148297394774,0.0,hamilton_28
2135,2137,-0.03830540349775945,0.24864000000000003,hamilton_29
2135,2156,-0.14492853946174505,0.0,hamilton_29
2135,2162,-0.009083384314892279,1.454962962962963,hamilton_29
2135,2176,0.12985151861700778,0.0,hamilton_29
2135,2183,-0.13827889026947424,0.0,hamilton_29
2135,2186,-0.021616699032402466,0.8044615384615385,hamilton_29
2135,2191,-0.0063820543256637545,1.5655,hamilton_29
2137,2156,0.29015249455070485,0.0,hamilton_29
2137,2162,0.110577996788497,0.0,hamilton_29
2137,2176,-0.15088462867200084,0.0,hamilton_29
2137,2183,0.3157313883198901,0.0,hamilton_29
2137,2186,0.4810407785857214,0.0,hamilton_29
2137,2191,0.4401119000127829,0.0,hamilton_29
2156,2162,0.2389279470377867,0.0,hamilton_29
2156,2176,-0.2464177576230735,0.0,hamilton_29
2156,2183,0.600261125928664,0.0,hamilton_29
2156,2186,0.29495625740280446,0.0,hamilton_29
2156,2191,0.3367903822409723,0.0,hamilton_29
2162,2176,-0.1630249816818702,0.0,hamilton_29
2162,2183,0.32818037827807967,0.0,hamilton_29
2162,2186,0.05645733100470263,0.035,hamilton_29
2162,2191,0.13405326208159862,0.0,hamilton_29
2176,2183,-0.1619107005978202,0.0,hamilton_29
2176,2186,-0.08770637474129009,0.0,hamilton_29
2176,2191,-0.10922360446756742,0.0,hamilton_29
2183,2186,0.37062329777733743,0.0,hamilton_29
2183,2191,0.3747909911120077,0.0,hamilton_29
2186,2191,0.5466628593775007,0.0,hamilton_29
2202,2213,0.15610532148593892,0.0,hamilton_30
2202,2222,0.0941549814869274,0.0,hamilton_30
2202,2241,-0.16744372856293,0.0,hamilton_30
2202,2242,0.07067087790354683,0.007772727272727272,hamilton_30
2202,2246,0.22309540571537373,0.0,hamilton_30
2202,2248,0.08684925525361117,0.0,hamilton_30
2202,2249,-0.0016623740835445832,1.895,hamilton_30
2202,2254,0.1251259160338571,0.0,hamilton_30
2202,2260,-0.061302599477398155,0.024937500000000005,hamilton_30
2202,2271,-0.2147859265571237,0.0,hamilton_30
2202,2278,0.11177893177194738,0.0,hamilton_30
2202,2279,0.313343902663985,0.0,hamilton_30
2202,2280,0.14440511502019984,0.0,hamilton_30
2202,2282,-0.14694036307214253,0.0,hamilton_30
2202,2283,0.14820375404769515,0.0,hamilton_30
2202,2285,-0.3645740157508993,0.0,hamilton_30
2202,2286,-0.22072108806632734,0.0,hamilton_30
2202,2287,0.216022109570412,0.0,hamilton_30
2213,2222,0.015570578530323415,1.1664238410596026,hamilton_30
2213,2241,-0.20126147815118212,0.0,hamilton_30
2213,2242,0.02639270035614355,0.6403655172413794,hamilton_30
2213,2246,0.11929108240765879,0.0,hamilton_30
2213,2248,0.08457256342668455,0.0016442307692307691,hamilton_30
2213,2249,-0.10114325071426432,0.0,hamilton_30
2213,2254,0.15673427620929276,0.0,hamilton_30
2213,2260,-0.09901121816067535,0.0,hamilton_30
2213,2271,-0.2051492165841257,0.0,hamilton_30
2213,2278,0.0254859030499724,0.6403655172413794,hamilton_30
2213,2279,0.2023163643875287,0.0,hamilton_30
2213,2280,0.004379504548614482,1.7509580838323353,hamilton_30
2213,2282,-0.04764997096151689,0.10573282442748093,hamilton_30
2213,2283,0.16201937549085949,0.0,hamilton_30
2213,2285,-0.005604100440146835,1.6732090909090909,hamilton_30
2213,2286,0.020062056980506972,0.8671317567567568,hamilton_30
2213,2287,0.25963520695275766,0.0,hamilton_30
2222,2241,0.060442853037724786,0.01125,hamilton_30
2222,2242,0.022514317586572075,0.7788698630136986,hamilton_30
2222,2246,0.08973834673629118,0.0,hamilton_30
2222,2248,-0.05801506963929042,0.03753658536585366,hamilton_30
2222,2249,0.19182292484566843,0.0,hamilton_30
2222,2254,0.08786096596202767,0.0008465346534653465,hamilton_30
2222,2260,0.05960550364574387,0.04068145161290323,hamilton_30
2222,2271,-0.13243368336761002,0.0,hamilton_30
2222,2278,0.012287961612176457,1.3301826923076925,hamilton_30
2222,2279,0.027334013821356605,0.4091785714285715,hamilton_30
2222,2280,0.07281119041211893,0.003196261682242991,hamilton_30
2222,2282,-0.10917426951885835,0.0,hamilton_30
2222,2283,-0.00996325433573807,1.43746875,hamilton_30
2222,2285,-0.06020630400916592,0.019163793103448273,hamilton_30
2222,2286,-0.042630337275606424,0.19077985074626866,hamilton_30
2222,2287,-0.07472753357169096,0.005490825688073395,hamilton_30
2241,2242,-0.011125296591689385,1.396139240506329,hamilton_30
2241,2246,-0.19962940124151118,0.0,hamilton_30
2241,2248,-0.12043370274852634,0.0,hamilton_30
2241,2249,0.07190478565347316,0.009836283185840707,hamilton_30
2241,2254,-0.2954974711562612,0.0,hamilton_30
2241,2260,0.047035803472695634,0.13472727272727272,hamilton_30
2241,2271,0.2805557757053383,0.0,hamilton_30
2241,2278,-0.03980752300551711,0.2432,hamilton_30
2241,2279,-0.7522927399398245,0.0,hamilton_30
2241,2280,-0.012236653009190296,1.32525,hamilton_30
2241,2282,0.015065949579401397,1.294235294117647,hamilton_30
2241,2283,-0.16746305246804166,0.0,hamilton_30
2241,2285,0.008431028039785418,1.6479603658536586,hamilton_30
2241,2286,0.006465716876548139,1.6479603658536586,hamilton_30
2241,2287,-0.3984802541251018,0.0,hamilton_30
2242,2246,0.15746367984015586,0.0,hamilton_30
2242,2248,-0.0909392071539204,0.0,hamilton_30
2242,2249,0.015236683801458773,1.177875,hamilton_30
2242,2254,0.1203473029793891,0.0,hamilton_30
2242,2260,-0.0338049889736896,0.3690647482014388,hamilton_30
2242,2271,-0.05538229599657896,0.04582800000000001,hamilton_30
2242,2278,0.02198225045594726,0.8171938775510204,hamilton_30
2242,2279,-0.0340810095140547,0.3690647482014388,hamilton_30
2242,2280,-0.002094096579502549,1.88555325443787,hamilton_30
2242,2282,-0.10897840070372272,0.0,hamilton_30
2242,2283,0.06267610807547558,0.02046153846153846,hamilton_30
2242,2285,-0.10073666195340762,0.0,hamilton_30
2242,2286,-0.050647166703386585,0.07548046875,hamilton_30
2242,2287,0.055044515671257004,0.05564285714285715,hamilton_30
2246,2248,-0.23080475566538908,0.0,hamilton_30
2246,2249,0.08494614976763033,0.0,hamilton_30
2246,2254,0.5829915988065154,0.0,hamilton_30
2246,2260,-0.062271962204592815,0.02101271186440678,hamilton_30
2246,2271,-0.39929586963945046,0.0,hamilton_30
2246,2278,0.14234625254993805,0.0,hamilton_30
2246,2279,0.2544819522474683,0.0,hamilton_30
2246,2280,0.09846533435221257,0.0,hamilton_30
2246,2282,-0.43163273600388885,0.0,hamilton_30
2246,2283,0.1207282991948638,0.0,hamilton_30
2246,2285,-0.3032125308363261,0.0,hamilton_30
2246,2286,-0.2032441768177618,0.0,hamilton_30
2246,2287,0.22437889478428413,0.0,hamilton_30
2248,2249,-0.07331208154687142,0.009243243243243243,hamilton_30
2248,2254,-0.3798341740240993,0.0,hamilton_30
2248,2260,0.19841277581895256,0.0,hamilton_30
2248,2271,0.20404211069147013,0.0,hamilton_30
2248,2278,-0.061512903520089736,0.02299159663865546,hamilton_30
2248,2279,0.18626215744986382,0.0,hamilton_30
2248,2280,0.020605038653774273,0.8722147651006712,hamilton_30
2248,2282,0.30301434383441184,0.0,hamilton_30
2248,2283,0.029715900692939428,0.488486013986014,hamilton_30
2248,2285,0.0017444308719245575,1.895,hamilton_30
2248,2286,-0.011418991623471335,1.3739904458598726,hamilton_30
2248,2287,-0.06170790753353803,0.03321074380165289,hamilton_30
2249,2254,0.04077890518102732,0.19077985074626866,hamilton_30
2249,2260,0.22447994384751688,0.0,hamilton_30
2249,2271,-0.07726026266123755,0.0008465346534653465,hamilton_30
2249,2278,0.06573733880488619,0.0171,hamilton_30
2249,2279,0.05049509622816663,0.09668076923076922,hamilton_30
2249,2280,0.10137872548063466,0.0,hamilton_30
2249,2282,-0.27698241842479804,0.0,hamilton_30
2249,2283,-0.14388119729146573,0.0,hamilton_30
2249,2285,-0.25430528187842594,0.0,hamilton_30
2249,2286,-0.2347499540951137,0.0,hamilton_30
2249,2287,-0.21699156244285903,0.0,hamilton_30
2254,2260,-0.16572111436640408,0.0,hamilton_30
2254,2271,-0.5212964052991966,0.0,hamilton_30
2254,2278,0.08886747912740765,0.0008465346534653465,hamilton_30
2254,2279,0.21306801967854608,0.0,hamilton_30
2254,2280,0.04941645422177309,0.0888139534883721,hamilton_30
2254,2282,-0.4224487987249904,0.0,hamilton_30
2254,2283,0.0973552459776687,0.0,hamilton_30
2254,2285,-0.004981220605819476,1.7331777108433735,hamilton_30
2254,2286,-0.03389236030235598,0.36883576642335764,hamilton_30
2254,2287,0.2748492929675769,0.0,hamilton_30
2260,2271,0.1204311331331741,0.0,hamilton_30
2260,2278,-0.010469074939475203,1.4169339622641508,hamilton_30
2260,2279,-0.008918031027588223,1.5018260869565214,hamilton_30
2260,2280,-0.00767144558088646,1.5780555555555558,hamilton_30
2260,2282,-0.05291899247377669,0.05991732283464567,hamilton_30
2260,2283,-0.1099602601731796,0.0,hamilton_30
2260,2285,-0.0866696861320268,0.002419811320754717,hamilton_30
2260,2286,-0.12163286948717712,0.0,hamilton_30
2260,2287,-0.17935622842782356,0.0,hamilton_30
2271,2278,-0.11383798891170586,0.0,hamilton_30
2271,2279,-0.3168823637069652,0.0,hamilton_30
2271,2280,-0.08521066023946935,0.0016442307692307691,hamilton_30
2271,2282,0.45616126928433565,0.0,hamilton_30
2271,2283,-0.1167996722600343,0.0,hamilton_30
2271,2285,0.19500580182231975,0.0,hamilton_30
2271,2286,0.16395834703667372,0.0,hamilton_30
2271,2287,-0.24924337259067922,0.0,hamilton_30
2278,2279,0.08255339964359829,0.0008465346534653465,hamilton_30
2278,2280,0.06847424680975384,0.009836283185840707,hamilton_30
2278,2282,-0.1641298541031096,0.0,hamilton_30
2278,2283,0.01706921431300281,1.0972499999999998,hamilton_30
2278,2285,-0.1641453233134985,0.0,hamilton_30
2278,2286,-0.11272647418424654,0.0,hamilton_30
2278,2287,0.07284174164690922,0.00475,hamilton_30
2279,2280,0.08884837365884177,0.0008465346534653465,hamilton_30
2279,2282,-0.13795401403551766,0.0,hamilton_30
2279,2283,0.13751861789968794,0.0,hamilton_30
2279,2285,-0.33083923376761265,0.0,hamilton_30
2279,2286,-0.2577631238543349,0.0,hamilton_30
2279,2287,0.39110966783899076,0.0,hamilton_30
2280,2282,-0.1016921616500219,0.0,hamilton_30
2280,2283,-0.0021119151789565373,1.8845624999999997,hamilton_30
2280,2285,-0.2254137658266915,0.0,hamilton_30
2280,2286,-0.1447453905036468,0.0,hamilton_30
2280,2287,0.0302737977161518,0.4485739436619718,hamilton_30
2282,2283,-0.012423142199092836,1.3301826923076925,hamilton_30
2282,2285,0.45478610257478674,0.0,hamilton_30
2282,2286,0.4131844210853949,0.0,hamilton_30
2282,2287,-0.06192676547211863,0.03434016393442623,hamilton_30
2283,2285,-0.07851885678556039,0.002419811320754717,hamilton_30
2283,2286,-0.034551544277929856,0.3413713235294118,hamilton_30
2283,2287,0.15254581202737783,0.0,hamilton_30
2285,2286,0.6346180601307247,0.0,hamilton_30
2285,2287,-0.1000660220960102,0.0016442307692307691,hamilton_30
2286,2287,-0.031200802766915083,0.4485739436619718,hamilton_30
